Workbook

Sheet Цикл
A1: Микроцикл 1 | V1: =V9+V16+V23+V30+V37 -> 14983.6 | W1: =IFERROR(V1/AA1,0) -> 18.317359 | Z1: =Z9+Z16+Z23+Z30+Z37 -> #REF! | AA1: =AA9+AA16+AA23+AA30+AA37 -> 818 | AB1: =AB9+AB16+AB23+AB30+AB37 -> 0.19305556 | AG1: =IFERROR(ROUND(AD1/$Y1,2),) | AK1: =IFERROR(ROUND(AH1/$Y1,2),) | AO1: =IFERROR(ROUND(AL1/$Y1,2),) | AS1: =IFERROR(ROUND(AP1/$Y1,2),)
A2: Дата | B2: Нагрузка | C2: Упражнения | D2: Коэф. воздействия на организм(одно-/много - суставное упражнение) | E2: Множ | F2: Вес | G2: Пов | H2: Под | I2: % | J2: Вес | K2: Пов | L2: Под | M2: % | N2: Вес | O2: Пов | P2: Под | Q2: % | R2: Вес | S2: Пов | T2: Под | U2: % | V2: Тоннаж | W2: Сред.вес | X2: Инт.Отн | Y2: ПМ | Z2: Инт. Фунт | AA2: КПШ | AB2: Время | AD2: =IF(AG2<>0,(IFERROR(IF($Y2>50,MROUND($Y2*AG2,2.5),IF($Y2<15,MROUND($Y2*AG2,0.1),MROUND($Y2*AG2,1))),)),"") | AG2: 0 | AH2: =IF(AK2<>0,(IFERROR(IF($Y2>50,MROUND($Y2*AK2,2.5),IF($Y2<15,MROUND($Y2*AK2,0.1),MROUND($Y2*AK2,1))),)),"") | AK2: 0 | AL2: =IF(AO2<>0,(IFERROR(IF($Y2>50,MROUND($Y2*AO2,2.5),IF($Y2<15,MROUND($Y2*AO2,0.1),MROUND($Y2*AO2,1))),)),"") | AO2: 0 | AP2: =IF(AS2<>0,(IFERROR(IF($Y2>50,MROUND($Y2*AS2,2.5),IF($Y2<15,MROUND($Y2*AS2,0.1),MROUND($Y2*AS2,1))),)),"") | AS2: 0
A3: Пн | B3: Средняя | C3: Ягодичный мост со штангой | D3: 1 | F3: =IF(I3<>0,(IFERROR(IF($Y3>50,MROUND($Y3*I3,2.5),IF($Y3<15,MROUND($Y3*I3,0.1),MROUND($Y3*I3,1))),)),"") -> 32.5 | G3: 12 | H3: 1 | I3: 0.35 | J3: =IF(M3<>0,(IFERROR(IF($Y3>50,MROUND($Y3*M3,2.5),IF($Y3<15,MROUND($Y3*M3,0.1),MROUND($Y3*M3,1))),)),"") -> 42.5 | K3: 10 | L3: 2 | M3: 0.48 | N3: =IF(Q3<>0,(IFERROR(IF($Y3>50,MROUND($Y3*Q3,2.5),IF($Y3<15,MROUND($Y3*Q3,0.1),MROUND($Y3*Q3,1))),)),"") -> 50 | O3: 8 | P3: 2 | Q3: 0.55 | R3: =IF(U3<>0,(IFERROR(IF($Y3>50,MROUND($Y3*U3,2.5),IF($Y3<15,MROUND($Y3*U3,0.1),MROUND($Y3*U3,1))),)),"") | U3: 0 | V3: =(IF(ISNUMBER(F3),F3,1)*G3*H3+IF(ISNUMBER(J3),J3,1)*K3*L3+IF(ISNUMBER(N3),N3,1)*O3*P3+IF(ISNUMBER(R3),R3,1)*S3*T3)*IF(ISNUMBER(E3),E3,1) -> 2040 | W3: =IFERROR((IF(ISNUMBER(F3),F3,1)*G3*H3+IF(ISNUMBER(J3),J3,1)*K3*L3+IF(ISNUMBER(N3),N3,1)*O3*P3+IF(ISNUMBER(R3),R3,1)*S3*T3)*IF(ISNUMBER(E3),E3,1)/(G3*H3+K3*L3+O3*P3+S3*T3),0) -> 42.5 | X3: =ROUND(IFERROR((W3/(Y3*IF(ISNUMBER(E3),E3,1))),0),4) -> 0.4722 | Y3: 90 | Z3: =(IF(I3<30%,0,IF(I3<35%,F3*G3*H3*F!$B$33,IF(I3<40%,F3*G3*H3*F!$B$38,IF(I3<45%,F3*G3*H3*F!$B$43,IF(I3<50%,F3*G3*H3*F!$B$48,IF(I3=50%,F3*G3*H3*F!$B$50,IF(I3=51%,F3*G3*H3*F!$B$51,IF(I3=52%,F3*G3*H3*F!$B$52,IF(I3=53%,F3*G3*H3*F!$B$53,IF(I3=54%,F3*G3*H3*F!$B$54,IF(I3=55%,F3*G3*H3*F!$B$55,IF(I3=56%,F3*G3*H3*F!$B$56,IF(I3=57%,F3*G3*H3*F!$B$57,IF(I3=58%,F3*G3*H3*F!$B$58,IF(I3=59%,F3*G3*H3*F!$B$59,IF(I3=60%,F3*G3*H3*F!$B$60,IF(I3=61%,F3*G3*H3*F!$B$61,IF(I3=62%,F3*G3*H3*F!$B$62,IF(I3=63%,F3*G3*H3*F!$B$63,IF(I3=64%,F3*G3*H3*F!$B$64,IF(I3=65%,F3*G3*H3*F!$B$65,IF(I3=66%,F3*G3*H3*F!$B$66,IF(I3=67%,F3*G3*H3*F!$B$67,IF(I3=68%,F3*G3*H3*F!$B$68,IF(I3=69%,F3*G3*H3*F!$B$69,IF(I3=70%,F3*G3*H3*F!$B$70,IF(I3=71%,F3*G3*H3*F!$B$71,IF(I3=72%,F3*G3*H3*F!$B$72,IF(I3=73%,F3*G3*H3*F!$B$73,IF(I3=74%,F3*G3*H3*F!$B$74,IF(I3=75%,F3*G3*H3*F!$B$75,IF(I3=76%,F3*G3*H3*F!$B$76,IF(I3=77%,F3*G3*H3*F!$B$77,IF(I3=78%,F3*G3*H3*F!$B$78,IF(I3=79%,F3*G3*H3*F!$B$79,IF(I3=80%,F3*G3*H3*F!$B$80,IF(I3=81%,F3*G3*H3*F!$B$81,IF(I3=82%,F3*G3*H3*F!$B$82,IF(I3=83%,F3*G3*H3*F!$B$83,IF(I3=84%,F3*G3*H3*F!$B$84,IF(I3=85%,F3*G3*H3*F!$B$85,IF(I3=86%,F3*G3*H3*F!$B$86,IF(I3=87%,F3*G3*H3*F!$B$87,IF(I3=88%,F3*G3*H3*F!$B$88,IF(I3=89%,F3*G3*H3*F!$B$89,IF(I3=90%,F3*G3*H3*F!$B$90,IF(I3=91%,F3*G3*H3*F!$B$91,IF(I3=92%,F3*G3*H3*F!$B$92,IF(I3=93%,F3*G3*H3*F!$B$93,IF(I3=94%,F3*G3*H3*F!$B$94,IF(I3=95%,F3*G3*H3*F!$B$95,IF(I3=96%,F3*G3*H3*F!$B$96,IF(I3=97%,F3*G3*H3*F!$B$97,IF(I3=98%,F3*G3*H3*F!$B$98,IF(I3=99%,F3*G3*H3*F!$B$99,IF(I3>99%,F3*G3*H3*F!$B$100,))))))))))))))))))))))))))))))))))))))))))))))))))))))))+IF(M3<30%,0,IF(M3<35%,J3*K3*L3*F!$B$33,IF(M3<40%,J3*K3*L3*F!$B$38,IF(M3<45%,J3*K3*L3*F!$B$43,IF(M3<50%,J3*K3*L3*F!$B$48,IF(M3=50%,J3*K3*L3*F!$B$50,IF(M3=51%,J3*K3*L3*F!$B$51,IF(M3=52%,J3*K3*L3*F!$B$52,IF(M3=53%,J3*K3*L3*F!$B$53,IF(M3=54%,J3*K3*L3*F!$B$54,IF(M3=55%,J3*K3*L3*F!$B$55,IF(M3=56%,J3*K3*L3*F!$B$56,IF(M3=57%,J3*K3*L3*F!$B$57,IF(M3=58%,J3*K3*L3*F!$B$58,IF(M3=59%,J3*K3*L3*F!$B$59,IF(M3=60%,J3*K3*L3*F!$B$60,IF(M3=61%,J3*K3*L3*F!$B$61,IF(M3=62%,J3*K3*L3*F!$B$62,IF(M3=63%,J3*K3*L3*F!$B$63,IF(M3=64%,J3*K3*L3*F!$B$64,IF(M3=65%,J3*K3*L3*F!$B$65,IF(M3=66%,J3*K3*L3*F!$B$66,IF(M3=67%,J3*K3*L3*F!$B$67,IF(M3=68%,J3*K3*L3*F!$B$68,IF(M3=69%,J3*K3*L3*F!$B$69,IF(M3=70%,J3*K3*L3*F!$B$70,IF(M3=71%,J3*K3*L3*F!$B$71,IF(M3=72%,J3*K3*L3*F!$B$72,IF(M3=73%,J3*K3*L3*F!$B$73,IF(M3=74%,J3*K3*L3*F!$B$74,IF(M3=75%,J3*K3*L3*F!$B$75,IF(M3=76%,J3*K3*L3*F!$B$76,IF(M3=77%,J3*K3*L3*F!$B$77,IF(M3=78%,J3*K3*L3*F!$B$78,IF(M3=79%,J3*K3*L3*F!$B$79,IF(M3=80%,J3*K3*L3*F!$B$80,IF(M3=81%,J3*K3*L3*F!$B$81,IF(M3=82%,J3*K3*L3*F!$B$82,IF(M3=83%,J3*K3*L3*F!$B$83,IF(M3=84%,J3*K3*L3*F!$B$84,IF(M3=85%,J3*K3*L3*F!$B$85,IF(M3=86%,J3*K3*L3*F!$B$86,IF(M3=87%,J3*K3*L3*F!$B$87,IF(M3=88%,J3*K3*L3*F!$B$88,IF(M3=89%,J3*K3*L3*F!$B$89,IF(M3=90%,J3*K3*L3*F!$B$90,IF(M3=91%,J3*K3*L3*F!$B$91,IF(M3=92%,J3*K3*L3*F!$B$92,IF(M3=93%,J3*K3*L3*F!$B$93,IF(M3=94%,J3*K3*L3*F!$B$94,IF(M3=95%,J3*K3*L3*F!$B$95,IF(M3=96%,J3*K3*L3*F!$B$96,IF(M3=97%,J3*K3*L3*F!$B$97,IF(M3=98%,J3*K3*L3*F!$B$98,IF(M3=99%,J3*K3*L3*F!$B$99,IF(M3>99%,J3*K3*L3*F!$B$100,))))))))))))))))))))))))))))))))))))))))))))))))))))))))+IF(Q3<30%,0,IF(Q3<35%,N3*O3*P3*F!$B$33,IF(Q3<40%,N3*O3*P3*F!$B$38,IF(Q3<45%,N3*O3*P3*F!$B$43,IF(Q3<50%,N3*O3*P3*F!$B$48,IF(Q3=50%,N3*O3*P3*F!$B$50,IF(Q3=51%,N3*O3*P3*F!$B$51,IF(Q3=52%,N3*O3*P3*F!$B$52,IF(Q3=53%,N3*O3*P3*F!$B$53,IF(Q3=54%,N3*O3*P3*F!$B$54,IF(Q3=55%,N3*O3*P3*F!$B$55,IF(Q3=56%,N3*O3*P3*F!$B$56,IF(Q3=57%,N3*O3*P3*F!$B$57,IF(Q3=58%,N3*O3*P3*F!$B$58,IF(Q3=59%,N3*O3*P3*F!$B$59,IF(Q3=60%,N3*O3*P3*F!$B$60,IF(Q3=61%,N3*O3*P3*F!$B$61,IF(Q3=62%,N3*O3*P3*F!$B$62,IF(Q3=63%,N3*O3*P3*F!$B$63,IF(Q3=64%,N3*O3*P3*F!$B$64,IF(Q3=65%,N3*O3*P3*F!$B$65,IF(Q3=66%,N3*O3*P3*F!$B$66,IF(Q3=67%,N3*O3*P3*F!$B$67,IF(Q3=68%,N3*O3*P3*F!$B$68,IF(Q3=69%,N3*O3*P3*F!$B$69,IF(Q3=70%,N3*O3*P3*F!$B$70,IF(Q3=71%,N3*O3*P3*F!$B$71,IF(Q3=72%,N3*O3*P3*F!$B$72,IF(Q3=73%,N3*O3*P3*F!$B$73,IF(Q3=74%,N3*O3*P3*F!$B$74,IF(Q3=75%,N3*O3*P3*F!$B$75,IF(Q3=76%,N3*O3*P3*F!$B$76,IF(Q3=77%,N3*O3*P3*F!$B$77,IF(Q3=78%,N3*O3*P3*F!$B$78,IF(Q3=79%,N3*O3*P3*F!$B$79,IF(Q3=80%,N3*O3*P3*F!$B$80,IF(Q3=81%,N3*O3*P3*F!$B$81,IF(Q3=82%,N3*O3*P3*F!$B$82,IF(Q3=83%,N3*O3*P3*F!$B$83,IF(Q3=84%,N3*O3*P3*F!$B$84,IF(Q3=85%,N3*O3*P3*F!$B$85,IF(Q3=86%,N3*O3*P3*F!$B$86,IF(Q3=87%,N3*O3*P3*F!$B$87,IF(Q3=88%,N3*O3*P3*F!$B$88,IF(Q3=89%,N3*O3*P3*F!$B$89,IF(Q3=90%,N3*O3*P3*F!$B$90,IF(Q3=91%,N3*O3*P3*F!$B$91,IF(Q3=92%,N3*O3*P3*F!$B$92,IF(Q3=93%,N3*O3*P3*F!$B$93,IF(Q3=94%,N3*O3*P3*F!$B$94,IF(Q3=95%,N3*O3*P3*F!$B$95,IF(Q3=96%,N3*O3*P3*F!$B$96,IF(Q3=97%,N3*O3*P3*F!$B$97,IF(Q3=98%,N3*O3*P3*F!$B$98,IF(Q3=99%,N3*O3*P3*F!$B$99,IF(Q3>99%,N3*O3*P3*F!$B$100,))))))))))))))))))))))))))))))))))))))))))))))))))))))))+IF(U3<30%,0,IF(U3<35%,R3*S3*T3*F!$B$33,IF(U3<40%,R3*S3*T3*F!$B$38,IF(U3<45%,R3*S3*T3*F!$B$43,IF(U3<50%,R3*S3*T3*F!$B$48,IF(U3=50%,R3*S3*T3*F!$B$50,IF(U3=51%,R3*S3*T3*F!$B$51,IF(U3=52%,R3*S3*T3*F!$B$52,IF(U3=53%,R3*S3*T3*F!$B$53,IF(U3=54%,R3*S3*T3*F!$B$54,IF(U3=55%,R3*S3*T3*F!$B$55,IF(U3=56%,R3*S3*T3*F!$B$56,IF(U3=57%,R3*S3*T3*F!$B$57,IF(U3=58%,R3*S3*T3*F!$B$58,IF(U3=59%,R3*S3*T3*F!$B$59,IF(U3=60%,R3*S3*T3*F!$B$60,IF(U3=61%,R3*S3*T3*F!$B$61,IF(U3=62%,R3*S3*T3*F!$B$62,IF(U3=63%,R3*S3*T3*F!$B$63,IF(U3=64%,R3*S3*T3*F!$B$64,IF(U3=65%,R3*S3*T3*F!$B$65,IF(U3=66%,R3*S3*T3*F!$B$66,IF(U3=67%,R3*S3*T3*F!$B$67,IF(U3=68%,R3*S3*T3*F!$B$68,IF(U3=69%,R3*S3*T3*F!$B$69,IF(U3=70%,R3*S3*T3*F!$B$70,IF(U3=71%,R3*S3*T3*F!$B$71,IF(U3=72%,R3*S3*T3*F!$B$72,IF(U3=73%,R3*S3*T3*F!$B$73,IF(U3=74%,R3*S3*T3*F!$B$74,IF(U3=75%,R3*S3*T3*F!$B$75,IF(U3=76%,R3*S3*T3*F!$B$76,IF(U3=77%,R3*S3*T3*F!$B$77,IF(U3=78%,R3*S3*T3*F!$B$78,IF(U3=79%,R3*S3*T3*F!$B$79,IF(U3=80%,R3*S3*T3*F!$B$80,IF(U3=81%,R3*S3*T3*F!$B$81,IF(U3=82%,R3*S3*T3*F!$B$82,IF(U3=83%,R3*S3*T3*F!$B$83,IF(U3=84%,R3*S3*T3*F!$B$84,IF(U3=85%,R3*S3*T3*F!$B$85,IF(U3=86%,R3*S3*T3*F!$B$86,IF(U3=87%,R3*S3*T3*F!$B$87,IF(U3=88%,R3*S3*T3*F!$B$88,IF(U3=89%,R3*S3*T3*F!$B$89,IF(U3=90%,R3*S3*T3*F!$B$90,IF(U3=91%,R3*S3*T3*F!$B$91,IF(U3=92%,R3*S3*T3*F!$B$92,IF(U3=93%,R3*S3*T3*F!$B$93,IF(U3=94%,R3*S3*T3*F!$B$94,IF(U3=95%,R3*S3*T3*F!$B$95,IF(U3=96%,R3*S3*T3*F!$B$96,IF(U3=97%,R3*S3*T3*F!$B$97,IF(U3=98%,R3*S3*T3*F!$B$98,IF(U3=99%,R3*S3*T3*F!$B$99,IF(U3>99%,R3*S3*T3*F!$B$100)))))))))))))))))))))))))))))))))))))))))))))))))))))))))*IF(ISNUMBER(E3),E3,1)*IF(ISNUMBER(D3),D3,1) -> #REF! | AA3: =G3*H3+K3*L3+O3*P3+S3*T3 -> 48 | AB3: =(H3*(IF(I3<45%,0.5,IF(I3<55%,0.8,IF(I3<65%,0.9,IF(I3<75%,1,IF(I3<85%,1.1,1.2))))))+L3*(IF(M3<45%,0.5,IF(M3<55%,0.8,IF(M3<65%,0.9,IF(M3<75%,1,IF(M3<85%,1.1,1.2))))))+P3*(IF(Q3<45%,0.5,IF(Q3<55%,0.8,IF(Q3<65%,0.9,IF(Q3<75%,1,IF(Q3<85%,1.1,1.2))))))+T3*(IF(U3<45%,0.5,IF(U3<55%,0.8,IF(U3<65%,0.9,IF(U3<75%,1,IF(U3<85%,1.1,1.2)))))))*IF(D3>=0.8,6,IF(D3<=0.4,1.5,3)) -> 23.4
A4: 42331 | B4: Легкая | C4: Болгарские выпады | D4: 0.3 | F4: =IF(I4<>0,(IFERROR(IF($Y4>50,MROUND($Y4*I4,2.5),IF($Y4<15,MROUND($Y4*I4,0.1),MROUND($Y4*I4,1))),)),"") -> 12 | G4: 12 | H4: 3 | I4: 0.4 | J4: =IF(M4<>0,(IFERROR(IF($Y4>50,MROUND($Y4*M4,2.5),IF($Y4<15,MROUND($Y4*M4,0.1),MROUND($Y4*M4,1))),)),"") | M4: 0 | N4: =IF(Q4<>0,(IFERROR(IF($Y4>50,MROUND($Y4*Q4,2.5),IF($Y4<15,MROUND($Y4*Q4,0.1),MROUND($Y4*Q4,1))),)),"") | Q4: 0 | R4: =IF(U4<>0,(IFERROR(IF($Y4>50,MROUND($Y4*U4,2.5),IF($Y4<15,MROUND($Y4*U4,0.1),MROUND($Y4*U4,1))),)),"") | U4: 0 | V4: =(IF(ISNUMBER(F4),F4,1)*G4*H4+IF(ISNUMBER(J4),J4,1)*K4*L4+IF(ISNUMBER(N4),N4,1)*O4*P4+IF(ISNUMBER(R4),R4,1)*S4*T4)*IF(ISNUMBER(E4),E4,1) -> 432 | W4: =IFERROR((IF(ISNUMBER(F4),F4,1)*G4*H4+IF(ISNUMBER(J4),J4,1)*K4*L4+IF(ISNUMBER(N4),N4,1)*O4*P4+IF(ISNUMBER(R4),R4,1)*S4*T4)*IF(ISNUMBER(E4),E4,1)/(G4*H4+K4*L4+O4*P4+S4*T4),0) -> 12 | X4: =ROUND(IFERROR((W4/(Y4*IF(ISNUMBER(E4),E4,1))),0),2) -> 0.4 | Y4: 30 | Z4: =(IF(I4<30%,0,IF(I4<35%,F4*G4*H4*F!$B$33,IF(I4<40%,F4*G4*H4*F!$B$38,IF(I4<45%,F4*G4*H4*F!$B$43,IF(I4<50%,F4*G4*H4*F!$B$48,IF(I4=50%,F4*G4*H4*F!$B$50,IF(I4=51%,F4*G4*H4*F!$B$51,IF(I4=52%,F4*G4*H4*F!$B$52,IF(I4=53%,F4*G4*H4*F!$B$53,IF(I4=54%,F4*G4*H4*F!$B$54,IF(I4=55%,F4*G4*H4*F!$B$55,IF(I4=56%,F4*G4*H4*F!$B$56,IF(I4=57%,F4*G4*H4*F!$B$57,IF(I4=58%,F4*G4*H4*F!$B$58,IF(I4=59%,F4*G4*H4*F!$B$59,IF(I4=60%,F4*G4*H4*F!$B$60,IF(I4=61%,F4*G4*H4*F!$B$61,IF(I4=62%,F4*G4*H4*F!$B$62,IF(I4=63%,F4*G4*H4*F!$B$63,IF(I4=64%,F4*G4*H4*F!$B$64,IF(I4=65%,F4*G4*H4*F!$B$65,IF(I4=66%,F4*G4*H4*F!$B$66,IF(I4=67%,F4*G4*H4*F!$B$67,IF(I4=68%,F4*G4*H4*F!$B$68,IF(I4=69%,F4*G4*H4*F!$B$69,IF(I4=70%,F4*G4*H4*F!$B$70,IF(I4=71%,F4*G4*H4*F!$B$71,IF(I4=72%,F4*G4*H4*F!$B$72,IF(I4=73%,F4*G4*H4*F!$B$73,IF(I4=74%,F4*G4*H4*F!$B$74,IF(I4=75%,F4*G4*H4*F!$B$75,IF(I4=76%,F4*G4*H4*F!$B$76,IF(I4=77%,F4*G4*H4*F!$B$77,IF(I4=78%,F4*G4*H4*F!$B$78,IF(I4=79%,F4*G4*H4*F!$B$79,IF(I4=80%,F4*G4*H4*F!$B$80,IF(I4=81%,F4*G4*H4*F!$B$81,IF(I4=82%,F4*G4*H4*F!$B$82,IF(I4=83%,F4*G4*H4*F!$B$83,IF(I4=84%,F4*G4*H4*F!$B$84,IF(I4=85%,F4*G4*H4*F!$B$85,IF(I4=86%,F4*G4*H4*F!$B$86,IF(I4=87%,F4*G4*H4*F!$B$87,IF(I4=88%,F4*G4*H4*F!$B$88,IF(I4=89%,F4*G4*H4*F!$B$89,IF(I4=90%,F4*G4*H4*F!$B$90,IF(I4=91%,F4*G4*H4*F!$B$91,IF(I4=92%,F4*G4*H4*F!$B$92,IF(I4=93%,F4*G4*H4*F!$B$93,IF(I4=94%,F4*G4*H4*F!$B$94,IF(I4=95%,F4*G4*H4*F!$B$95,IF(I4=96%,F4*G4*H4*F!$B$96,IF(I4=97%,F4*G4*H4*F!$B$97,IF(I4=98%,F4*G4*H4*F!$B$98,IF(I4=99%,F4*G4*H4*F!$B$99,IF(I4>99%,F4*G4*H4*F!$B$100,))))))))))))))))))))))))))))))))))))))))))))))))))))))))+IF(M4<30%,0,IF(M4<35%,J4*K4*L4*F!$B$33,IF(M4<40%,J4*K4*L4*F!$B$38,IF(M4<45%,J4*K4*L4*F!$B$43,IF(M4<50%,J4*K4*L4*F!$B$48,IF(M4=50%,J4*K4*L4*F!$B$50,IF(M4=51%,J4*K4*L4*F!$B$51,IF(M4=52%,J4*K4*L4*F!$B$52,IF(M4=53%,J4*K4*L4*F!$B$53,IF(M4=54%,J4*K4*L4*F!$B$54,IF(M4=55%,J4*K4*L4*F!$B$55,IF(M4=56%,J4*K4*L4*F!$B$56,IF(M4=57%,J4*K4*L4*F!$B$57,IF(M4=58%,J4*K4*L4*F!$B$58,IF(M4=59%,J4*K4*L4*F!$B$59,IF(M4=60%,J4*K4*L4*F!$B$60,IF(M4=61%,J4*K4*L4*F!$B$61,IF(M4=62%,J4*K4*L4*F!$B$62,IF(M4=63%,J4*K4*L4*F!$B$63,IF(M4=64%,J4*K4*L4*F!$B$64,IF(M4=65%,J4*K4*L4*F!$B$65,IF(M4=66%,J4*K4*L4*F!$B$66,IF(M4=67%,J4*K4*L4*F!$B$67,IF(M4=68%,J4*K4*L4*F!$B$68,IF(M4=69%,J4*K4*L4*F!$B$69,IF(M4=70%,J4*K4*L4*F!$B$70,IF(M4=71%,J4*K4*L4*F!$B$71,IF(M4=72%,J4*K4*L4*F!$B$72,IF(M4=73%,J4*K4*L4*F!$B$73,IF(M4=74%,J4*K4*L4*F!$B$74,IF(M4=75%,J4*K4*L4*F!$B$75,IF(M4=76%,J4*K4*L4*F!$B$76,IF(M4=77%,J4*K4*L4*F!$B$77,IF(M4=78%,J4*K4*L4*F!$B$78,IF(M4=79%,J4*K4*L4*F!$B$79,IF(M4=80%,J4*K4*L4*F!$B$80,IF(M4=81%,J4*K4*L4*F!$B$81,IF(M4=82%,J4*K4*L4*F!$B$82,IF(M4=83%,J4*K4*L4*F!$B$83,IF(M4=84%,J4*K4*L4*F!$B$84,IF(M4=85%,J4*K4*L4*F!$B$85,IF(M4=86%,J4*K4*L4*F!$B$86,IF(M4=87%,J4*K4*L4*F!$B$87,IF(M4=88%,J4*K4*L4*F!$B$88,IF(M4=89%,J4*K4*L4*F!$B$89,IF(M4=90%,J4*K4*L4*F!$B$90,IF(M4=91%,J4*K4*L4*F!$B$91,IF(M4=92%,J4*K4*L4*F!$B$92,IF(M4=93%,J4*K4*L4*F!$B$93,IF(M4=94%,J4*K4*L4*F!$B$94,IF(M4=95%,J4*K4*L4*F!$B$95,IF(M4=96%,J4*K4*L4*F!$B$96,IF(M4=97%,J4*K4*L4*F!$B$97,IF(M4=98%,J4*K4*L4*F!$B$98,IF(M4=99%,J4*K4*L4*F!$B$99,IF(M4>99%,J4*K4*L4*F!$B$100,))))))))))))))))))))))))))))))))))))))))))))))))))))))))+IF(Q4<30%,0,IF(Q4<35%,N4*O4*P4*F!$B$33,IF(Q4<40%,N4*O4*P4*F!$B$38,IF(Q4<45%,N4*O4*P4*F!$B$43,IF(Q4<50%,N4*O4*P4*F!$B$48,IF(Q4=50%,N4*O4*P4*F!$B$50,IF(Q4=51%,N4*O4*P4*F!$B$51,IF(Q4=52%,N4*O4*P4*F!$B$52,IF(Q4=53%,N4*O4*P4*F!$B$53,IF(Q4=54%,N4*O4*P4*F!$B$54,IF(Q4=55%,N4*O4*P4*F!$B$55,IF(Q4=56%,N4*O4*P4*F!$B$56,IF(Q4=57%,N4*O4*P4*F!$B$57,IF(Q4=58%,N4*O4*P4*F!$B$58,IF(Q4=59%,N4*O4*P4*F!$B$59,IF(Q4=60%,N4*O4*P4*F!$B$60,IF(Q4=61%,N4*O4*P4*F!$B$61,IF(Q4=62%,N4*O4*P4*F!$B$62,IF(Q4=63%,N4*O4*P4*F!$B$63,IF(Q4=64%,N4*O4*P4*F!$B$64,IF(Q4=65%,N4*O4*P4*F!$B$65,IF(Q4=66%,N4*O4*P4*F!$B$66,IF(Q4=67%,N4*O4*P4*F!$B$67,IF(Q4=68%,N4*O4*P4*F!$B$68,IF(Q4=69%,N4*O4*P4*F!$B$69,IF(Q4=70%,N4*O4*P4*F!$B$70,IF(Q4=71%,N4*O4*P4*F!$B$71,IF(Q4=72%,N4*O4*P4*F!$B$72,IF(Q4=73%,N4*O4*P4*F!$B$73,IF(Q4=74%,N4*O4*P4*F!$B$74,IF(Q4=75%,N4*O4*P4*F!$B$75,IF(Q4=76%,N4*O4*P4*F!$B$76,IF(Q4=77%,N4*O4*P4*F!$B$77,IF(Q4=78%,N4*O4*P4*F!$B$78,IF(Q4=79%,N4*O4*P4*F!$B$79,IF(Q4=80%,N4*O4*P4*F!$B$80,IF(Q4=81%,N4*O4*P4*F!$B$81,IF(Q4=82%,N4*O4*P4*F!$B$82,IF(Q4=83%,N4*O4*P4*F!$B$83,IF(Q4=84%,N4*O4*P4*F!$B$84,IF(Q4=85%,N4*O4*P4*F!$B$85,IF(Q4=86%,N4*O4*P4*F!$B$86,IF(Q4=87%,N4*O4*P4*F!$B$87,IF(Q4=88%,N4*O4*P4*F!$B$88,IF(Q4=89%,N4*O4*P4*F!$B$89,IF(Q4=90%,N4*O4*P4*F!$B$90,IF(Q4=91%,N4*O4*P4*F!$B$91,IF(Q4=92%,N4*O4*P4*F!$B$92,IF(Q4=93%,N4*O4*P4*F!$B$93,IF(Q4=94%,N4*O4*P4*F!$B$94,IF(Q4=95%,N4*O4*P4*F!$B$95,IF(Q4=96%,N4*O4*P4*F!$B$96,IF(Q4=97%,N4*O4*P4*F!$B$97,IF(Q4=98%,N4*O4*P4*F!$B$98,IF(Q4=99%,N4*O4*P4*F!$B$99,IF(Q4>99%,N4*O4*P4*F!$B$100,))))))))))))))))))))))))))))))))))))))))))))))))))))))))+IF(U4<30%,0,IF(U4<35%,R4*S4*T4*F!$B$33,IF(U4<40%,R4*S4*T4*F!$B$38,IF(U4<45%,R4*S4*T4*F!$B$43,IF(U4<50%,R4*S4*T4*F!$B$48,IF(U4=50%,R4*S4*T4*F!$B$50,IF(U4=51%,R4*S4*T4*F!$B$51,IF(U4=52%,R4*S4*T4*F!$B$52,IF(U4=53%,R4*S4*T4*F!$B$53,IF(U4=54%,R4*S4*T4*F!$B$54,IF(U4=55%,R4*S4*T4*F!$B$55,IF(U4=56%,R4*S4*T4*F!$B$56,IF(U4=57%,R4*S4*T4*F!$B$57,IF(U4=58%,R4*S4*T4*F!$B$58,IF(U4=59%,R4*S4*T4*F!$B$59,IF(U4=60%,R4*S4*T4*F!$B$60,IF(U4=61%,R4*S4*T4*F!$B$61,IF(U4=62%,R4*S4*T4*F!$B$62,IF(U4=63%,R4*S4*T4*F!$B$63,IF(U4=64%,R4*S4*T4*F!$B$64,IF(U4=65%,R4*S4*T4*F!$B$65,IF(U4=66%,R4*S4*T4*F!$B$66,IF(U4=67%,R4*S4*T4*F!$B$67,IF(U4=68%,R4*S4*T4*F!$B$68,IF(U4=69%,R4*S4*T4*F!$B$69,IF(U4=70%,R4*S4*T4*F!$B$70,IF(U4=71%,R4*S4*T4*F!$B$71,IF(U4=72%,R4*S4*T4*F!$B$72,IF(U4=73%,R4*S4*T4*F!$B$73,IF(U4=74%,R4*S4*T4*F!$B$74,IF(U4=75%,R4*S4*T4*F!$B$75,IF(U4=76%,R4*S4*T4*F!$B$76,IF(U4=77%,R4*S4*T4*F!$B$77,IF(U4=78%,R4*S4*T4*F!$B$78,IF(U4=79%,R4*S4*T4*F!$B$79,IF(U4=80%,R4*S4*T4*F!$B$80,IF(U4=81%,R4*S4*T4*F!$B$81,IF(U4=82%,R4*S4*T4*F!$B$82,IF(U4=83%,R4*S4*T4*F!$B$83,IF(U4=84%,R4*S4*T4*F!$B$84,IF(U4=85%,R4*S4*T4*F!$B$85,IF(U4=86%,R4*S4*T4*F!$B$86,IF(U4=87%,R4*S4*T4*F!$B$87,IF(U4=88%,R4*S4*T4*F!$B$88,IF(U4=89%,R4*S4*T4*F!$B$89,IF(U4=90%,R4*S4*T4*F!$B$90,IF(U4=91%,R4*S4*T4*F!$B$91,IF(U4=92%,R4*S4*T4*F!$B$92,IF(U4=93%,R4*S4*T4*F!$B$93,IF(U4=94%,R4*S4*T4*F!$B$94,IF(U4=95%,R4*S4*T4*F!$B$95,IF(U4=96%,R4*S4*T4*F!$B$96,IF(U4=97%,R4*S4*T4*F!$B$97,IF(U4=98%,R4*S4*T4*F!$B$98,IF(U4=99%,R4*S4*T4*F!$B$99,IF(U4>99%,R4*S4*T4*F!$B$100)))))))))))))))))))))))))))))))))))))))))))))))))))))))))*IF(ISNUMBER(E4),E4,1)*IF(ISNUMBER(D4),D4,1) -> #REF! | AA4: =G4*H4+K4*L4+O4*P4+S4*T4 -> 36 | AB4: =(H4*(IF(I4<45%,0.5,IF(I4<55%,0.8,IF(I4<65%,0.9,IF(I4<75%,1,IF(I4<85%,1.1,1.2))))))+L4*(IF(M4<45%,0.5,IF(M4<55%,0.8,IF(M4<65%,0.9,IF(M4<75%,1,IF(M4<85%,1.1,1.2))))))+P4*(IF(Q4<45%,0.5,IF(Q4<55%,0.8,IF(Q4<65%,0.9,IF(Q4<75%,1,IF(Q4<85%,1.1,1.2))))))+T4*(IF(U4<45%,0.5,IF(U4<55%,0.8,IF(U4<65%,0.9,IF(U4<75%,1,IF(U4<85%,1.1,1.2)))))))*IF(D4>=0.8,6,IF(D4<=0.4,1.5,3)) -> 2.25
B5: Средняя | C5: Разведение ног в тренажёре | D5: 0.3 | E5: 5 | F5: =IF(I5<>0,(IFERROR(IF($Y5>50,MROUND($Y5*I5,2.5),IF($Y5<15,MROUND($Y5*I5,0.1),MROUND($Y5*I5,1))),)),"") -> 4.4 | G5: 12 | H5: 1 | I5: 0.44 | J5: =IF(M5<>0,(IFERROR(IF($Y5>50,MROUND($Y5*M5,2.5),IF($Y5<15,MROUND($Y5*M5,0.1),MROUND($Y5*M5,1))),)),"") -> 5 | K5: 10 | L5: 3 | M5: 0.5 | N5: =IF(Q5<>0,(IFERROR(IF($Y5>50,MROUND($Y5*Q5,2.5),IF($Y5<15,MROUND($Y5*Q5,0.1),MROUND($Y5*Q5,1))),)),"") | Q5: 0 | R5: =IF(U5<>0,(IFERROR(IF($Y5>50,MROUND($Y5*U5,2.5),IF($Y5<15,MROUND($Y5*U5,0.1),MROUND($Y5*U5,1))),)),"") | U5: 0 | V5: =(IF(ISNUMBER(F5),F5,1)*G5*H5+IF(ISNUMBER(J5),J5,1)*K5*L5+IF(ISNUMBER(N5),N5,1)*O5*P5+IF(ISNUMBER(R5),R5,1)*S5*T5)*IF(ISNUMBER(E5),E5,1) -> 1014 | W5: =IFERROR((IF(ISNUMBER(F5),F5,1)*G5*H5+IF(ISNUMBER(J5),J5,1)*K5*L5+IF(ISNUMBER(N5),N5,1)*O5*P5+IF(ISNUMBER(R5),R5,1)*S5*T5)*IF(ISNUMBER(E5),E5,1)/(G5*H5+K5*L5+O5*P5+S5*T5),0) -> 24.142857 | X5: =ROUND(IFERROR((W5/(Y5*IF(ISNUMBER(E5),E5,1))),0),2) -> 0.48 | Y5: 10 | Z5: =(IF(I5<30%,0,IF(I5<35%,F5*G5*H5*F!$B$33,IF(I5<40%,F5*G5*H5*F!$B$38,IF(I5<45%,F5*G5*H5*F!$B$43,IF(I5<50%,F5*G5*H5*F!$B$48,IF(I5=50%,F5*G5*H5*F!$B$50,IF(I5=51%,F5*G5*H5*F!$B$51,IF(I5=52%,F5*G5*H5*F!$B$52,IF(I5=53%,F5*G5*H5*F!$B$53,IF(I5=54%,F5*G5*H5*F!$B$54,IF(I5=55%,F5*G5*H5*F!$B$55,IF(I5=56%,F5*G5*H5*F!$B$56,IF(I5=57%,F5*G5*H5*F!$B$57,IF(I5=58%,F5*G5*H5*F!$B$58,IF(I5=59%,F5*G5*H5*F!$B$59,IF(I5=60%,F5*G5*H5*F!$B$60,IF(I5=61%,F5*G5*H5*F!$B$61,IF(I5=62%,F5*G5*H5*F!$B$62,IF(I5=63%,F5*G5*H5*F!$B$63,IF(I5=64%,F5*G5*H5*F!$B$64,IF(I5=65%,F5*G5*H5*F!$B$65,IF(I5=66%,F5*G5*H5*F!$B$66,IF(I5=67%,F5*G5*H5*F!$B$67,IF(I5=68%,F5*G5*H5*F!$B$68,IF(I5=69%,F5*G5*H5*F!$B$69,IF(I5=70%,F5*G5*H5*F!$B$70,IF(I5=71%,F5*G5*H5*F!$B$71,IF(I5=72%,F5*G5*H5*F!$B$72,IF(I5=73%,F5*G5*H5*F!$B$73,IF(I5=74%,F5*G5*H5*F!$B$74,IF(I5=75%,F5*G5*H5*F!$B$75,IF(I5=76%,F5*G5*H5*F!$B$76,IF(I5=77%,F5*G5*H5*F!$B$77,IF(I5=78%,F5*G5*H5*F!$B$78,IF(I5=79%,F5*G5*H5*F!$B$79,IF(I5=80%,F5*G5*H5*F!$B$80,IF(I5=81%,F5*G5*H5*F!$B$81,IF(I5=82%,F5*G5*H5*F!$B$82,IF(I5=83%,F5*G5*H5*F!$B$83,IF(I5=84%,F5*G5*H5*F!$B$84,IF(I5=85%,F5*G5*H5*F!$B$85,IF(I5=86%,F5*G5*H5*F!$B$86,IF(I5=87%,F5*G5*H5*F!$B$87,IF(I5=88%,F5*G5*H5*F!$B$88,IF(I5=89%,F5*G5*H5*F!$B$89,IF(I5=90%,F5*G5*H5*F!$B$90,IF(I5=91%,F5*G5*H5*F!$B$91,IF(I5=92%,F5*G5*H5*F!$B$92,IF(I5=93%,F5*G5*H5*F!$B$93,IF(I5=94%,F5*G5*H5*F!$B$94,IF(I5=95%,F5*G5*H5*F!$B$95,IF(I5=96%,F5*G5*H5*F!$B$96,IF(I5=97%,F5*G5*H5*F!$B$97,IF(I5=98%,F5*G5*H5*F!$B$98,IF(I5=99%,F5*G5*H5*F!$B$99,IF(I5>99%,F5*G5*H5*F!$B$100,))))))))))))))))))))))))))))))))))))))))))))))))))))))))+IF(M5<30%,0,IF(M5<35%,J5*K5*L5*F!$B$33,IF(M5<40%,J5*K5*L5*F!$B$38,IF(M5<45%,J5*K5*L5*F!$B$43,IF(M5<50%,J5*K5*L5*F!$B$48,IF(M5=50%,J5*K5*L5*F!$B$50,IF(M5=51%,J5*K5*L5*F!$B$51,IF(M5=52%,J5*K5*L5*F!$B$52,IF(M5=53%,J5*K5*L5*F!$B$53,IF(M5=54%,J5*K5*L5*F!$B$54,IF(M5=55%,J5*K5*L5*F!$B$55,IF(M5=56%,J5*K5*L5*F!$B$56,IF(M5=57%,J5*K5*L5*F!$B$57,IF(M5=58%,J5*K5*L5*F!$B$58,IF(M5=59%,J5*K5*L5*F!$B$59,IF(M5=60%,J5*K5*L5*F!$B$60,IF(M5=61%,J5*K5*L5*F!$B$61,IF(M5=62%,J5*K5*L5*F!$B$62,IF(M5=63%,J5*K5*L5*F!$B$63,IF(M5=64%,J5*K5*L5*F!$B$64,IF(M5=65%,J5*K5*L5*F!$B$65,IF(M5=66%,J5*K5*L5*F!$B$66,IF(M5=67%,J5*K5*L5*F!$B$67,IF(M5=68%,J5*K5*L5*F!$B$68,IF(M5=69%,J5*K5*L5*F!$B$69,IF(M5=70%,J5*K5*L5*F!$B$70,IF(M5=71%,J5*K5*L5*F!$B$71,IF(M5=72%,J5*K5*L5*F!$B$72,IF(M5=73%,J5*K5*L5*F!$B$73,IF(M5=74%,J5*K5*L5*F!$B$74,IF(M5=75%,J5*K5*L5*F!$B$75,IF(M5=76%,J5*K5*L5*F!$B$76,IF(M5=77%,J5*K5*L5*F!$B$77,IF(M5=78%,J5*K5*L5*F!$B$78,IF(M5=79%,J5*K5*L5*F!$B$79,IF(M5=80%,J5*K5*L5*F!$B$80,IF(M5=81%,J5*K5*L5*F!$B$81,IF(M5=82%,J5*K5*L5*F!$B$82,IF(M5=83%,J5*K5*L5*F!$B$83,IF(M5=84%,J5*K5*L5*F!$B$84,IF(M5=85%,J5*K5*L5*F!$B$85,IF(M5=86%,J5*K5*L5*F!$B$86,IF(M5=87%,J5*K5*L5*F!$B$87,IF(M5=88%,J5*K5*L5*F!$B$88,IF(M5=89%,J5*K5*L5*F!$B$89,IF(M5=90%,J5*K5*L5*F!$B$90,IF(M5=91%,J5*K5*L5*F!$B$91,IF(M5=92%,J5*K5*L5*F!$B$92,IF(M5=93%,J5*K5*L5*F!$B$93,IF(M5=94%,J5*K5*L5*F!$B$94,IF(M5=95%,J5*K5*L5*F!$B$95,IF(M5=96%,J5*K5*L5*F!$B$96,IF(M5=97%,J5*K5*L5*F!$B$97,IF(M5=98%,J5*K5*L5*F!$B$98,IF(M5=99%,J5*K5*L5*F!$B$99,IF(M5>99%,J5*K5*L5*F!$B$100,))))))))))))))))))))))))))))))))))))))))))))))))))))))))+IF(Q5<30%,0,IF(Q5<35%,N5*O5*P5*F!$B$33,IF(Q5<40%,N5*O5*P5*F!$B$38,IF(Q5<45%,N5*O5*P5*F!$B$43,IF(Q5<50%,N5*O5*P5*F!$B$48,IF(Q5=50%,N5*O5*P5*F!$B$50,IF(Q5=51%,N5*O5*P5*F!$B$51,IF(Q5=52%,N5*O5*P5*F!$B$52,IF(Q5=53%,N5*O5*P5*F!$B$53,IF(Q5=54%,N5*O5*P5*F!$B$54,IF(Q5=55%,N5*O5*P5*F!$B$55,IF(Q5=56%,N5*O5*P5*F!$B$56,IF(Q5=57%,N5*O5*P5*F!$B$57,IF(Q5=58%,N5*O5*P5*F!$B$58,IF(Q5=59%,N5*O5*P5*F!$B$59,IF(Q5=60%,N5*O5*P5*F!$B$60,IF(Q5=61%,N5*O5*P5*F!$B$61,IF(Q5=62%,N5*O5*P5*F!$B$62,IF(Q5=63%,N5*O5*P5*F!$B$63,IF(Q5=64%,N5*O5*P5*F!$B$64,IF(Q5=65%,N5*O5*P5*F!$B$65,IF(Q5=66%,N5*O5*P5*F!$B$66,IF(Q5=67%,N5*O5*P5*F!$B$67,IF(Q5=68%,N5*O5*P5*F!$B$68,IF(Q5=69%,N5*O5*P5*F!$B$69,IF(Q5=70%,N5*O5*P5*F!$B$70,IF(Q5=71%,N5*O5*P5*F!$B$71,IF(Q5=72%,N5*O5*P5*F!$B$72,IF(Q5=73%,N5*O5*P5*F!$B$73,IF(Q5=74%,N5*O5*P5*F!$B$74,IF(Q5=75%,N5*O5*P5*F!$B$75,IF(Q5=76%,N5*O5*P5*F!$B$76,IF(Q5=77%,N5*O5*P5*F!$B$77,IF(Q5=78%,N5*O5*P5*F!$B$78,IF(Q5=79%,N5*O5*P5*F!$B$79,IF(Q5=80%,N5*O5*P5*F!$B$80,IF(Q5=81%,N5*O5*P5*F!$B$81,IF(Q5=82%,N5*O5*P5*F!$B$82,IF(Q5=83%,N5*O5*P5*F!$B$83,IF(Q5=84%,N5*O5*P5*F!$B$84,IF(Q5=85%,N5*O5*P5*F!$B$85,IF(Q5=86%,N5*O5*P5*F!$B$86,IF(Q5=87%,N5*O5*P5*F!$B$87,IF(Q5=88%,N5*O5*P5*F!$B$88,IF(Q5=89%,N5*O5*P5*F!$B$89,IF(Q5=90%,N5*O5*P5*F!$B$90,IF(Q5=91%,N5*O5*P5*F!$B$91,IF(Q5=92%,N5*O5*P5*F!$B$92,IF(Q5=93%,N5*O5*P5*F!$B$93,IF(Q5=94%,N5*O5*P5*F!$B$94,IF(Q5=95%,N5*O5*P5*F!$B$95,IF(Q5=96%,N5*O5*P5*F!$B$96,IF(Q5=97%,N5*O5*P5*F!$B$97,IF(Q5=98%,N5*O5*P5*F!$B$98,IF(Q5=99%,N5*O5*P5*F!$B$99,IF(Q5>99%,N5*O5*P5*F!$B$100,))))))))))))))))))))))))))))))))))))))))))))))))))))))))+IF(U5<30%,0,IF(U5<35%,R5*S5*T5*F!$B$33,IF(U5<40%,R5*S5*T5*F!$B$38,IF(U5<45%,R5*S5*T5*F!$B$43,IF(U5<50%,R5*S5*T5*F!$B$48,IF(U5=50%,R5*S5*T5*F!$B$50,IF(U5=51%,R5*S5*T5*F!$B$51,IF(U5=52%,R5*S5*T5*F!$B$52,IF(U5=53%,R5*S5*T5*F!$B$53,IF(U5=54%,R5*S5*T5*F!$B$54,IF(U5=55%,R5*S5*T5*F!$B$55,IF(U5=56%,R5*S5*T5*F!$B$56,IF(U5=57%,R5*S5*T5*F!$B$57,IF(U5=58%,R5*S5*T5*F!$B$58,IF(U5=59%,R5*S5*T5*F!$B$59,IF(U5=60%,R5*S5*T5*F!$B$60,IF(U5=61%,R5*S5*T5*F!$B$61,IF(U5=62%,R5*S5*T5*F!$B$62,IF(U5=63%,R5*S5*T5*F!$B$63,IF(U5=64%,R5*S5*T5*F!$B$64,IF(U5=65%,R5*S5*T5*F!$B$65,IF(U5=66%,R5*S5*T5*F!$B$66,IF(U5=67%,R5*S5*T5*F!$B$67,IF(U5=68%,R5*S5*T5*F!$B$68,IF(U5=69%,R5*S5*T5*F!$B$69,IF(U5=70%,R5*S5*T5*F!$B$70,IF(U5=71%,R5*S5*T5*F!$B$71,IF(U5=72%,R5*S5*T5*F!$B$72,IF(U5=73%,R5*S5*T5*F!$B$73,IF(U5=74%,R5*S5*T5*F!$B$74,IF(U5=75%,R5*S5*T5*F!$B$75,IF(U5=76%,R5*S5*T5*F!$B$76,IF(U5=77%,R5*S5*T5*F!$B$77,IF(U5=78%,R5*S5*T5*F!$B$78,IF(U5=79%,R5*S5*T5*F!$B$79,IF(U5=80%,R5*S5*T5*F!$B$80,IF(U5=81%,R5*S5*T5*F!$B$81,IF(U5=82%,R5*S5*T5*F!$B$82,IF(U5=83%,R5*S5*T5*F!$B$83,IF(U5=84%,R5*S5*T5*F!$B$84,IF(U5=85%,R5*S5*T5*F!$B$85,IF(U5=86%,R5*S5*T5*F!$B$86,IF(U5=87%,R5*S5*T5*F!$B$87,IF(U5=88%,R5*S5*T5*F!$B$88,IF(U5=89%,R5*S5*T5*F!$B$89,IF(U5=90%,R5*S5*T5*F!$B$90,IF(U5=91%,R5*S5*T5*F!$B$91,IF(U5=92%,R5*S5*T5*F!$B$92,IF(U5=93%,R5*S5*T5*F!$B$93,IF(U5=94%,R5*S5*T5*F!$B$94,IF(U5=95%,R5*S5*T5*F!$B$95,IF(U5=96%,R5*S5*T5*F!$B$96,IF(U5=97%,R5*S5*T5*F!$B$97,IF(U5=98%,R5*S5*T5*F!$B$98,IF(U5=99%,R5*S5*T5*F!$B$99,IF(U5>99%,R5*S5*T5*F!$B$100)))))))))))))))))))))))))))))))))))))))))))))))))))))))))*IF(ISNUMBER(E5),E5,1)*IF(ISNUMBER(D5),D5,1) -> #REF! | AA5: =G5*H5+K5*L5+O5*P5+S5*T5 -> 42 | AB5: =(H5*(IF(I5<45%,0.5,IF(I5<55%,0.8,IF(I5<65%,0.9,IF(I5<75%,1,IF(I5<85%,1.1,1.2))))))+L5*(IF(M5<45%,0.5,IF(M5<55%,0.8,IF(M5<65%,0.9,IF(M5<75%,1,IF(M5<85%,1.1,1.2))))))+P5*(IF(Q5<45%,0.5,IF(Q5<55%,0.8,IF(Q5<65%,0.9,IF(Q5<75%,1,IF(Q5<85%,1.1,1.2))))))+T5*(IF(U5<45%,0.5,IF(U5<55%,0.8,IF(U5<65%,0.9,IF(U5<75%,1,IF(U5<85%,1.1,1.2)))))))*IF(D5>=0.8,6,IF(D5<=0.4,1.5,3)) -> 4.35
B6: Тяжелая | C6: Присед | D6: 1.2 | F6: =IF(I6<>0,(IFERROR(IF($Y6>50,MROUND($Y6*I6,2.5),IF($Y6<15,MROUND($Y6*I6,0.1),MROUND($Y6*I6,1))),)),"") -> 20 | G6: 12 | H6: 1 | I6: 0.4 | J6: =IF(M6<>0,(IFERROR(IF($Y6>50,MROUND($Y6*M6,2.5),IF($Y6<15,MROUND($Y6*M6,0.1),MROUND($Y6*M6,1))),)),"") -> 30 | K6: 10 | L6: 4 | M6: 0.6 | N6: =IF(Q6<>0,(IFERROR(IF($Y6>50,MROUND($Y6*Q6,2.5),IF($Y6<15,MROUND($Y6*Q6,0.1),MROUND($Y6*Q6,1))),)),"") | Q6: 0 | R6: =IF(U6<>0,(IFERROR(IF($Y6>50,MROUND($Y6*U6,2.5),IF($Y6<15,MROUND($Y6*U6,0.1),MROUND($Y6*U6,1))),)),"") | U6: 0 | V6: =(IF(ISNUMBER(F6),F6,1)*G6*H6+IF(ISNUMBER(J6),J6,1)*K6*L6+IF(ISNUMBER(N6),N6,1)*O6*P6+IF(ISNUMBER(R6),R6,1)*S6*T6)*IF(ISNUMBER(E6),E6,1) -> 1440 | W6: =IFERROR((IF(ISNUMBER(F6),F6,1)*G6*H6+IF(ISNUMBER(J6),J6,1)*K6*L6+IF(ISNUMBER(N6),N6,1)*O6*P6+IF(ISNUMBER(R6),R6,1)*S6*T6)*IF(ISNUMBER(E6),E6,1)/(G6*H6+K6*L6+O6*P6+S6*T6),0) -> 27.692308 | X6: =ROUND(IFERROR((W6/(Y6*IF(ISNUMBER(E6),E6,1))),0),2) -> 0.55 | Y6: 50 | Z6: =(IF(I6<30%,0,IF(I6<35%,F6*G6*H6*F!$B$33,IF(I6<40%,F6*G6*H6*F!$B$38,IF(I6<45%,F6*G6*H6*F!$B$43,IF(I6<50%,F6*G6*H6*F!$B$48,IF(I6=50%,F6*G6*H6*F!$B$50,IF(I6=51%,F6*G6*H6*F!$B$51,IF(I6=52%,F6*G6*H6*F!$B$52,IF(I6=53%,F6*G6*H6*F!$B$53,IF(I6=54%,F6*G6*H6*F!$B$54,IF(I6=55%,F6*G6*H6*F!$B$55,IF(I6=56%,F6*G6*H6*F!$B$56,IF(I6=57%,F6*G6*H6*F!$B$57,IF(I6=58%,F6*G6*H6*F!$B$58,IF(I6=59%,F6*G6*H6*F!$B$59,IF(I6=60%,F6*G6*H6*F!$B$60,IF(I6=61%,F6*G6*H6*F!$B$61,IF(I6=62%,F6*G6*H6*F!$B$62,IF(I6=63%,F6*G6*H6*F!$B$63,IF(I6=64%,F6*G6*H6*F!$B$64,IF(I6=65%,F6*G6*H6*F!$B$65,IF(I6=66%,F6*G6*H6*F!$B$66,IF(I6=67%,F6*G6*H6*F!$B$67,IF(I6=68%,F6*G6*H6*F!$B$68,IF(I6=69%,F6*G6*H6*F!$B$69,IF(I6=70%,F6*G6*H6*F!$B$70,IF(I6=71%,F6*G6*H6*F!$B$71,IF(I6=72%,F6*G6*H6*F!$B$72,IF(I6=73%,F6*G6*H6*F!$B$73,IF(I6=74%,F6*G6*H6*F!$B$74,IF(I6=75%,F6*G6*H6*F!$B$75,IF(I6=76%,F6*G6*H6*F!$B$76,IF(I6=77%,F6*G6*H6*F!$B$77,IF(I6=78%,F6*G6*H6*F!$B$78,IF(I6=79%,F6*G6*H6*F!$B$79,IF(I6=80%,F6*G6*H6*F!$B$80,IF(I6=81%,F6*G6*H6*F!$B$81,IF(I6=82%,F6*G6*H6*F!$B$82,IF(I6=83%,F6*G6*H6*F!$B$83,IF(I6=84%,F6*G6*H6*F!$B$84,IF(I6=85%,F6*G6*H6*F!$B$85,IF(I6=86%,F6*G6*H6*F!$B$86,IF(I6=87%,F6*G6*H6*F!$B$87,IF(I6=88%,F6*G6*H6*F!$B$88,IF(I6=89%,F6*G6*H6*F!$B$89,IF(I6=90%,F6*G6*H6*F!$B$90,IF(I6=91%,F6*G6*H6*F!$B$91,IF(I6=92%,F6*G6*H6*F!$B$92,IF(I6=93%,F6*G6*H6*F!$B$93,IF(I6=94%,F6*G6*H6*F!$B$94,IF(I6=95%,F6*G6*H6*F!$B$95,IF(I6=96%,F6*G6*H6*F!$B$96,IF(I6=97%,F6*G6*H6*F!$B$97,IF(I6=98%,F6*G6*H6*F!$B$98,IF(I6=99%,F6*G6*H6*F!$B$99,IF(I6>99%,F6*G6*H6*F!$B$100,))))))))))))))))))))))))))))))))))))))))))))))))))))))))+IF(M6<30%,0,IF(M6<35%,J6*K6*L6*F!$B$33,IF(M6<40%,J6*K6*L6*F!$B$38,IF(M6<45%,J6*K6*L6*F!$B$43,IF(M6<50%,J6*K6*L6*F!$B$48,IF(M6=50%,J6*K6*L6*F!$B$50,IF(M6=51%,J6*K6*L6*F!$B$51,IF(M6=52%,J6*K6*L6*F!$B$52,IF(M6=53%,J6*K6*L6*F!$B$53,IF(M6=54%,J6*K6*L6*F!$B$54,IF(M6=55%,J6*K6*L6*F!$B$55,IF(M6=56%,J6*K6*L6*F!$B$56,IF(M6=57%,J6*K6*L6*F!$B$57,IF(M6=58%,J6*K6*L6*F!$B$58,IF(M6=59%,J6*K6*L6*F!$B$59,IF(M6=60%,J6*K6*L6*F!$B$60,IF(M6=61%,J6*K6*L6*F!$B$61,IF(M6=62%,J6*K6*L6*F!$B$62,IF(M6=63%,J6*K6*L6*F!$B$63,IF(M6=64%,J6*K6*L6*F!$B$64,IF(M6=65%,J6*K6*L6*F!$B$65,IF(M6=66%,J6*K6*L6*F!$B$66,IF(M6=67%,J6*K6*L6*F!$B$67,IF(M6=68%,J6*K6*L6*F!$B$68,IF(M6=69%,J6*K6*L6*F!$B$69,IF(M6=70%,J6*K6*L6*F!$B$70,IF(M6=71%,J6*K6*L6*F!$B$71,IF(M6=72%,J6*K6*L6*F!$B$72,IF(M6=73%,J6*K6*L6*F!$B$73,IF(M6=74%,J6*K6*L6*F!$B$74,IF(M6=75%,J6*K6*L6*F!$B$75,IF(M6=76%,J6*K6*L6*F!$B$76,IF(M6=77%,J6*K6*L6*F!$B$77,IF(M6=78%,J6*K6*L6*F!$B$78,IF(M6=79%,J6*K6*L6*F!$B$79,IF(M6=80%,J6*K6*L6*F!$B$80,IF(M6=81%,J6*K6*L6*F!$B$81,IF(M6=82%,J6*K6*L6*F!$B$82,IF(M6=83%,J6*K6*L6*F!$B$83,IF(M6=84%,J6*K6*L6*F!$B$84,IF(M6=85%,J6*K6*L6*F!$B$85,IF(M6=86%,J6*K6*L6*F!$B$86,IF(M6=87%,J6*K6*L6*F!$B$87,IF(M6=88%,J6*K6*L6*F!$B$88,IF(M6=89%,J6*K6*L6*F!$B$89,IF(M6=90%,J6*K6*L6*F!$B$90,IF(M6=91%,J6*K6*L6*F!$B$91,IF(M6=92%,J6*K6*L6*F!$B$92,IF(M6=93%,J6*K6*L6*F!$B$93,IF(M6=94%,J6*K6*L6*F!$B$94,IF(M6=95%,J6*K6*L6*F!$B$95,IF(M6=96%,J6*K6*L6*F!$B$96,IF(M6=97%,J6*K6*L6*F!$B$97,IF(M6=98%,J6*K6*L6*F!$B$98,IF(M6=99%,J6*K6*L6*F!$B$99,IF(M6>99%,J6*K6*L6*F!$B$100,))))))))))))))))))))))))))))))))))))))))))))))))))))))))+IF(Q6<30%,0,IF(Q6<35%,N6*O6*P6*F!$B$33,IF(Q6<40%,N6*O6*P6*F!$B$38,IF(Q6<45%,N6*O6*P6*F!$B$43,IF(Q6<50%,N6*O6*P6*F!$B$48,IF(Q6=50%,N6*O6*P6*F!$B$50,IF(Q6=51%,N6*O6*P6*F!$B$51,IF(Q6=52%,N6*O6*P6*F!$B$52,IF(Q6=53%,N6*O6*P6*F!$B$53,IF(Q6=54%,N6*O6*P6*F!$B$54,IF(Q6=55%,N6*O6*P6*F!$B$55,IF(Q6=56%,N6*O6*P6*F!$B$56,IF(Q6=57%,N6*O6*P6*F!$B$57,IF(Q6=58%,N6*O6*P6*F!$B$58,IF(Q6=59%,N6*O6*P6*F!$B$59,IF(Q6=60%,N6*O6*P6*F!$B$60,IF(Q6=61%,N6*O6*P6*F!$B$61,IF(Q6=62%,N6*O6*P6*F!$B$62,IF(Q6=63%,N6*O6*P6*F!$B$63,IF(Q6=64%,N6*O6*P6*F!$B$64,IF(Q6=65%,N6*O6*P6*F!$B$65,IF(Q6=66%,N6*O6*P6*F!$B$66,IF(Q6=67%,N6*O6*P6*F!$B$67,IF(Q6=68%,N6*O6*P6*F!$B$68,IF(Q6=69%,N6*O6*P6*F!$B$69,IF(Q6=70%,N6*O6*P6*F!$B$70,IF(Q6=71%,N6*O6*P6*F!$B$71,IF(Q6=72%,N6*O6*P6*F!$B$72,IF(Q6=73%,N6*O6*P6*F!$B$73,IF(Q6=74%,N6*O6*P6*F!$B$74,IF(Q6=75%,N6*O6*P6*F!$B$75,IF(Q6=76%,N6*O6*P6*F!$B$76,IF(Q6=77%,N6*O6*P6*F!$B$77,IF(Q6=78%,N6*O6*P6*F!$B$78,IF(Q6=79%,N6*O6*P6*F!$B$79,IF(Q6=80%,N6*O6*P6*F!$B$80,IF(Q6=81%,N6*O6*P6*F!$B$81,IF(Q6=82%,N6*O6*P6*F!$B$82,IF(Q6=83%,N6*O6*P6*F!$B$83,IF(Q6=84%,N6*O6*P6*F!$B$84,IF(Q6=85%,N6*O6*P6*F!$B$85,IF(Q6=86%,N6*O6*P6*F!$B$86,IF(Q6=87%,N6*O6*P6*F!$B$87,IF(Q6=88%,N6*O6*P6*F!$B$88,IF(Q6=89%,N6*O6*P6*F!$B$89,IF(Q6=90%,N6*O6*P6*F!$B$90,IF(Q6=91%,N6*O6*P6*F!$B$91,IF(Q6=92%,N6*O6*P6*F!$B$92,IF(Q6=93%,N6*O6*P6*F!$B$93,IF(Q6=94%,N6*O6*P6*F!$B$94,IF(Q6=95%,N6*O6*P6*F!$B$95,IF(Q6=96%,N6*O6*P6*F!$B$96,IF(Q6=97%,N6*O6*P6*F!$B$97,IF(Q6=98%,N6*O6*P6*F!$B$98,IF(Q6=99%,N6*O6*P6*F!$B$99,IF(Q6>99%,N6*O6*P6*F!$B$100,))))))))))))))))))))))))))))))))))))))))))))))))))))))))+IF(U6<30%,0,IF(U6<35%,R6*S6*T6*F!$B$33,IF(U6<40%,R6*S6*T6*F!$B$38,IF(U6<45%,R6*S6*T6*F!$B$43,IF(U6<50%,R6*S6*T6*F!$B$48,IF(U6=50%,R6*S6*T6*F!$B$50,IF(U6=51%,R6*S6*T6*F!$B$51,IF(U6=52%,R6*S6*T6*F!$B$52,IF(U6=53%,R6*S6*T6*F!$B$53,IF(U6=54%,R6*S6*T6*F!$B$54,IF(U6=55%,R6*S6*T6*F!$B$55,IF(U6=56%,R6*S6*T6*F!$B$56,IF(U6=57%,R6*S6*T6*F!$B$57,IF(U6=58%,R6*S6*T6*F!$B$58,IF(U6=59%,R6*S6*T6*F!$B$59,IF(U6=60%,R6*S6*T6*F!$B$60,IF(U6=61%,R6*S6*T6*F!$B$61,IF(U6=62%,R6*S6*T6*F!$B$62,IF(U6=63%,R6*S6*T6*F!$B$63,IF(U6=64%,R6*S6*T6*F!$B$64,IF(U6=65%,R6*S6*T6*F!$B$65,IF(U6=66%,R6*S6*T6*F!$B$66,IF(U6=67%,R6*S6*T6*F!$B$67,IF(U6=68%,R6*S6*T6*F!$B$68,IF(U6=69%,R6*S6*T6*F!$B$69,IF(U6=70%,R6*S6*T6*F!$B$70,IF(U6=71%,R6*S6*T6*F!$B$71,IF(U6=72%,R6*S6*T6*F!$B$72,IF(U6=73%,R6*S6*T6*F!$B$73,IF(U6=74%,R6*S6*T6*F!$B$74,IF(U6=75%,R6*S6*T6*F!$B$75,IF(U6=76%,R6*S6*T6*F!$B$76,IF(U6=77%,R6*S6*T6*F!$B$77,IF(U6=78%,R6*S6*T6*F!$B$78,IF(U6=79%,R6*S6*T6*F!$B$79,IF(U6=80%,R6*S6*T6*F!$B$80,IF(U6=81%,R6*S6*T6*F!$B$81,IF(U6=82%,R6*S6*T6*F!$B$82,IF(U6=83%,R6*S6*T6*F!$B$83,IF(U6=84%,R6*S6*T6*F!$B$84,IF(U6=85%,R6*S6*T6*F!$B$85,IF(U6=86%,R6*S6*T6*F!$B$86,IF(U6=87%,R6*S6*T6*F!$B$87,IF(U6=88%,R6*S6*T6*F!$B$88,IF(U6=89%,R6*S6*T6*F!$B$89,IF(U6=90%,R6*S6*T6*F!$B$90,IF(U6=91%,R6*S6*T6*F!$B$91,IF(U6=92%,R6*S6*T6*F!$B$92,IF(U6=93%,R6*S6*T6*F!$B$93,IF(U6=94%,R6*S6*T6*F!$B$94,IF(U6=95%,R6*S6*T6*F!$B$95,IF(U6=96%,R6*S6*T6*F!$B$96,IF(U6=97%,R6*S6*T6*F!$B$97,IF(U6=98%,R6*S6*T6*F!$B$98,IF(U6=99%,R6*S6*T6*F!$B$99,IF(U6>99%,R6*S6*T6*F!$B$100)))))))))))))))))))))))))))))))))))))))))))))))))))))))))*IF(ISNUMBER(E6),E6,1)*IF(ISNUMBER(D6),D6,1) -> #REF! | AA6: =G6*H6+K6*L6+O6*P6+S6*T6 -> 52 | AB6: =(H6*(IF(I6<45%,0.5,IF(I6<55%,0.8,IF(I6<65%,0.9,IF(I6<75%,1,IF(I6<85%,1.1,1.2))))))+L6*(IF(M6<45%,0.5,IF(M6<55%,0.8,IF(M6<65%,0.9,IF(M6<75%,1,IF(M6<85%,1.1,1.2))))))+P6*(IF(Q6<45%,0.5,IF(Q6<55%,0.8,IF(Q6<65%,0.9,IF(Q6<75%,1,IF(Q6<85%,1.1,1.2))))))+T6*(IF(U6<45%,0.5,IF(U6<55%,0.8,IF(U6<65%,0.9,IF(U6<75%,1,IF(U6<85%,1.1,1.2)))))))*IF(D6>=0.8,6,IF(D6<=0.4,1.5,3)) -> 24.6
B7: Легкая | C7: Жим гантелей вверх | D7: 1.2 | E7: 2 | F7: =IF(I7<>0,(IFERROR(IF($Y7>50,MROUND($Y7*I7,2.5),IF($Y7<15,MROUND($Y7*I7,0.1),MROUND($Y7*I7,1))),)),"") -> 2.9 | G7: 10 | H7: 4 | I7: 0.42 | J7: =IF(M7<>0,(IFERROR(IF($Y7>50,MROUND($Y7*M7,2.5),IF($Y7<15,MROUND($Y7*M7,0.1),MROUND($Y7*M7,1))),)),"") | M7: 0 | N7: =IF(Q7<>0,(IFERROR(IF($Y7>50,MROUND($Y7*Q7,2.5),IF($Y7<15,MROUND($Y7*Q7,0.1),MROUND($Y7*Q7,1))),)),"") | Q7: 0 | R7: =IF(U7<>0,(IFERROR(IF($Y7>50,MROUND($Y7*U7,2.5),IF($Y7<15,MROUND($Y7*U7,0.1),MROUND($Y7*U7,1))),)),"") | U7: 0 | V7: =(IF(ISNUMBER(F7),F7,1)*G7*H7+IF(ISNUMBER(J7),J7,1)*K7*L7+IF(ISNUMBER(N7),N7,1)*O7*P7+IF(ISNUMBER(R7),R7,1)*S7*T7)*IF(ISNUMBER(E7),E7,1) -> 232 | W7: =IFERROR((IF(ISNUMBER(F7),F7,1)*G7*H7+IF(ISNUMBER(J7),J7,1)*K7*L7+IF(ISNUMBER(N7),N7,1)*O7*P7+IF(ISNUMBER(R7),R7,1)*S7*T7)*IF(ISNUMBER(E7),E7,1)/(G7*H7+K7*L7+O7*P7+S7*T7),0) -> 5.8 | X7: =ROUND(IFERROR((W7/(Y7*IF(ISNUMBER(E7),E7,1))),0),2) -> 0.41 | Y7: 7 | Z7: =(IF(I7<30%,0,IF(I7<35%,F7*G7*H7*F!$B$33,IF(I7<40%,F7*G7*H7*F!$B$38,IF(I7<45%,F7*G7*H7*F!$B$43,IF(I7<50%,F7*G7*H7*F!$B$48,IF(I7=50%,F7*G7*H7*F!$B$50,IF(I7=51%,F7*G7*H7*F!$B$51,IF(I7=52%,F7*G7*H7*F!$B$52,IF(I7=53%,F7*G7*H7*F!$B$53,IF(I7=54%,F7*G7*H7*F!$B$54,IF(I7=55%,F7*G7*H7*F!$B$55,IF(I7=56%,F7*G7*H7*F!$B$56,IF(I7=57%,F7*G7*H7*F!$B$57,IF(I7=58%,F7*G7*H7*F!$B$58,IF(I7=59%,F7*G7*H7*F!$B$59,IF(I7=60%,F7*G7*H7*F!$B$60,IF(I7=61%,F7*G7*H7*F!$B$61,IF(I7=62%,F7*G7*H7*F!$B$62,IF(I7=63%,F7*G7*H7*F!$B$63,IF(I7=64%,F7*G7*H7*F!$B$64,IF(I7=65%,F7*G7*H7*F!$B$65,IF(I7=66%,F7*G7*H7*F!$B$66,IF(I7=67%,F7*G7*H7*F!$B$67,IF(I7=68%,F7*G7*H7*F!$B$68,IF(I7=69%,F7*G7*H7*F!$B$69,IF(I7=70%,F7*G7*H7*F!$B$70,IF(I7=71%,F7*G7*H7*F!$B$71,IF(I7=72%,F7*G7*H7*F!$B$72,IF(I7=73%,F7*G7*H7*F!$B$73,IF(I7=74%,F7*G7*H7*F!$B$74,IF(I7=75%,F7*G7*H7*F!$B$75,IF(I7=76%,F7*G7*H7*F!$B$76,IF(I7=77%,F7*G7*H7*F!$B$77,IF(I7=78%,F7*G7*H7*F!$B$78,IF(I7=79%,F7*G7*H7*F!$B$79,IF(I7=80%,F7*G7*H7*F!$B$80,IF(I7=81%,F7*G7*H7*F!$B$81,IF(I7=82%,F7*G7*H7*F!$B$82,IF(I7=83%,F7*G7*H7*F!$B$83,IF(I7=84%,F7*G7*H7*F!$B$84,IF(I7=85%,F7*G7*H7*F!$B$85,IF(I7=86%,F7*G7*H7*F!$B$86,IF(I7=87%,F7*G7*H7*F!$B$87,IF(I7=88%,F7*G7*H7*F!$B$88,IF(I7=89%,F7*G7*H7*F!$B$89,IF(I7=90%,F7*G7*H7*F!$B$90,IF(I7=91%,F7*G7*H7*F!$B$91,IF(I7=92%,F7*G7*H7*F!$B$92,IF(I7=93%,F7*G7*H7*F!$B$93,IF(I7=94%,F7*G7*H7*F!$B$94,IF(I7=95%,F7*G7*H7*F!$B$95,IF(I7=96%,F7*G7*H7*F!$B$96,IF(I7=97%,F7*G7*H7*F!$B$97,IF(I7=98%,F7*G7*H7*F!$B$98,IF(I7=99%,F7*G7*H7*F!$B$99,IF(I7>99%,F7*G7*H7*F!$B$100,))))))))))))))))))))))))))))))))))))))))))))))))))))))))+IF(M7<30%,0,IF(M7<35%,J7*K7*L7*F!$B$33,IF(M7<40%,J7*K7*L7*F!$B$38,IF(M7<45%,J7*K7*L7*F!$B$43,IF(M7<50%,J7*K7*L7*F!$B$48,IF(M7=50%,J7*K7*L7*F!$B$50,IF(M7=51%,J7*K7*L7*F!$B$51,IF(M7=52%,J7*K7*L7*F!$B$52,IF(M7=53%,J7*K7*L7*F!$B$53,IF(M7=54%,J7*K7*L7*F!$B$54,IF(M7=55%,J7*K7*L7*F!$B$55,IF(M7=56%,J7*K7*L7*F!$B$56,IF(M7=57%,J7*K7*L7*F!$B$57,IF(M7=58%,J7*K7*L7*F!$B$58,IF(M7=59%,J7*K7*L7*F!$B$59,IF(M7=60%,J7*K7*L7*F!$B$60,IF(M7=61%,J7*K7*L7*F!$B$61,IF(M7=62%,J7*K7*L7*F!$B$62,IF(M7=63%,J7*K7*L7*F!$B$63,IF(M7=64%,J7*K7*L7*F!$B$64,IF(M7=65%,J7*K7*L7*F!$B$65,IF(M7=66%,J7*K7*L7*F!$B$66,IF(M7=67%,J7*K7*L7*F!$B$67,IF(M7=68%,J7*K7*L7*F!$B$68,IF(M7=69%,J7*K7*L7*F!$B$69,IF(M7=70%,J7*K7*L7*F!$B$70,IF(M7=71%,J7*K7*L7*F!$B$71,IF(M7=72%,J7*K7*L7*F!$B$72,IF(M7=73%,J7*K7*L7*F!$B$73,IF(M7=74%,J7*K7*L7*F!$B$74,IF(M7=75%,J7*K7*L7*F!$B$75,IF(M7=76%,J7*K7*L7*F!$B$76,IF(M7=77%,J7*K7*L7*F!$B$77,IF(M7=78%,J7*K7*L7*F!$B$78,IF(M7=79%,J7*K7*L7*F!$B$79,IF(M7=80%,J7*K7*L7*F!$B$80,IF(M7=81%,J7*K7*L7*F!$B$81,IF(M7=82%,J7*K7*L7*F!$B$82,IF(M7=83%,J7*K7*L7*F!$B$83,IF(M7=84%,J7*K7*L7*F!$B$84,IF(M7=85%,J7*K7*L7*F!$B$85,IF(M7=86%,J7*K7*L7*F!$B$86,IF(M7=87%,J7*K7*L7*F!$B$87,IF(M7=88%,J7*K7*L7*F!$B$88,IF(M7=89%,J7*K7*L7*F!$B$89,IF(M7=90%,J7*K7*L7*F!$B$90,IF(M7=91%,J7*K7*L7*F!$B$91,IF(M7=92%,J7*K7*L7*F!$B$92,IF(M7=93%,J7*K7*L7*F!$B$93,IF(M7=94%,J7*K7*L7*F!$B$94,IF(M7=95%,J7*K7*L7*F!$B$95,IF(M7=96%,J7*K7*L7*F!$B$96,IF(M7=97%,J7*K7*L7*F!$B$97,IF(M7=98%,J7*K7*L7*F!$B$98,IF(M7=99%,J7*K7*L7*F!$B$99,IF(M7>99%,J7*K7*L7*F!$B$100,))))))))))))))))))))))))))))))))))))))))))))))))))))))))+IF(Q7<30%,0,IF(Q7<35%,N7*O7*P7*F!$B$33,IF(Q7<40%,N7*O7*P7*F!$B$38,IF(Q7<45%,N7*O7*P7*F!$B$43,IF(Q7<50%,N7*O7*P7*F!$B$48,IF(Q7=50%,N7*O7*P7*F!$B$50,IF(Q7=51%,N7*O7*P7*F!$B$51,IF(Q7=52%,N7*O7*P7*F!$B$52,IF(Q7=53%,N7*O7*P7*F!$B$53,IF(Q7=54%,N7*O7*P7*F!$B$54,IF(Q7=55%,N7*O7*P7*F!$B$55,IF(Q7=56%,N7*O7*P7*F!$B$56,IF(Q7=57%,N7*O7*P7*F!$B$57,IF(Q7=58%,N7*O7*P7*F!$B$58,IF(Q7=59%,N7*O7*P7*F!$B$59,IF(Q7=60%,N7*O7*P7*F!$B$60,IF(Q7=61%,N7*O7*P7*F!$B$61,IF(Q7=62%,N7*O7*P7*F!$B$62,IF(Q7=63%,N7*O7*P7*F!$B$63,IF(Q7=64%,N7*O7*P7*F!$B$64,IF(Q7=65%,N7*O7*P7*F!$B$65,IF(Q7=66%,N7*O7*P7*F!$B$66,IF(Q7=67%,N7*O7*P7*F!$B$67,IF(Q7=68%,N7*O7*P7*F!$B$68,IF(Q7=69%,N7*O7*P7*F!$B$69,IF(Q7=70%,N7*O7*P7*F!$B$70,IF(Q7=71%,N7*O7*P7*F!$B$71,IF(Q7=72%,N7*O7*P7*F!$B$72,IF(Q7=73%,N7*O7*P7*F!$B$73,IF(Q7=74%,N7*O7*P7*F!$B$74,IF(Q7=75%,N7*O7*P7*F!$B$75,IF(Q7=76%,N7*O7*P7*F!$B$76,IF(Q7=77%,N7*O7*P7*F!$B$77,IF(Q7=78%,N7*O7*P7*F!$B$78,IF(Q7=79%,N7*O7*P7*F!$B$79,IF(Q7=80%,N7*O7*P7*F!$B$80,IF(Q7=81%,N7*O7*P7*F!$B$81,IF(Q7=82%,N7*O7*P7*F!$B$82,IF(Q7=83%,N7*O7*P7*F!$B$83,IF(Q7=84%,N7*O7*P7*F!$B$84,IF(Q7=85%,N7*O7*P7*F!$B$85,IF(Q7=86%,N7*O7*P7*F!$B$86,IF(Q7=87%,N7*O7*P7*F!$B$87,IF(Q7=88%,N7*O7*P7*F!$B$88,IF(Q7=89%,N7*O7*P7*F!$B$89,IF(Q7=90%,N7*O7*P7*F!$B$90,IF(Q7=91%,N7*O7*P7*F!$B$91,IF(Q7=92%,N7*O7*P7*F!$B$92,IF(Q7=93%,N7*O7*P7*F!$B$93,IF(Q7=94%,N7*O7*P7*F!$B$94,IF(Q7=95%,N7*O7*P7*F!$B$95,IF(Q7=96%,N7*O7*P7*F!$B$96,IF(Q7=97%,N7*O7*P7*F!$B$97,IF(Q7=98%,N7*O7*P7*F!$B$98,IF(Q7=99%,N7*O7*P7*F!$B$99,IF(Q7>99%,N7*O7*P7*F!$B$100,))))))))))))))))))))))))))))))))))))))))))))))))))))))))+IF(U7<30%,0,IF(U7<35%,R7*S7*T7*F!$B$33,IF(U7<40%,R7*S7*T7*F!$B$38,IF(U7<45%,R7*S7*T7*F!$B$43,IF(U7<50%,R7*S7*T7*F!$B$48,IF(U7=50%,R7*S7*T7*F!$B$50,IF(U7=51%,R7*S7*T7*F!$B$51,IF(U7=52%,R7*S7*T7*F!$B$52,IF(U7=53%,R7*S7*T7*F!$B$53,IF(U7=54%,R7*S7*T7*F!$B$54,IF(U7=55%,R7*S7*T7*F!$B$55,IF(U7=56%,R7*S7*T7*F!$B$56,IF(U7=57%,R7*S7*T7*F!$B$57,IF(U7=58%,R7*S7*T7*F!$B$58,IF(U7=59%,R7*S7*T7*F!$B$59,IF(U7=60%,R7*S7*T7*F!$B$60,IF(U7=61%,R7*S7*T7*F!$B$61,IF(U7=62%,R7*S7*T7*F!$B$62,IF(U7=63%,R7*S7*T7*F!$B$63,IF(U7=64%,R7*S7*T7*F!$B$64,IF(U7=65%,R7*S7*T7*F!$B$65,IF(U7=66%,R7*S7*T7*F!$B$66,IF(U7=67%,R7*S7*T7*F!$B$67,IF(U7=68%,R7*S7*T7*F!$B$68,IF(U7=69%,R7*S7*T7*F!$B$69,IF(U7=70%,R7*S7*T7*F!$B$70,IF(U7=71%,R7*S7*T7*F!$B$71,IF(U7=72%,R7*S7*T7*F!$B$72,IF(U7=73%,R7*S7*T7*F!$B$73,IF(U7=74%,R7*S7*T7*F!$B$74,IF(U7=75%,R7*S7*T7*F!$B$75,IF(U7=76%,R7*S7*T7*F!$B$76,IF(U7=77%,R7*S7*T7*F!$B$77,IF(U7=78%,R7*S7*T7*F!$B$78,IF(U7=79%,R7*S7*T7*F!$B$79,IF(U7=80%,R7*S7*T7*F!$B$80,IF(U7=81%,R7*S7*T7*F!$B$81,IF(U7=82%,R7*S7*T7*F!$B$82,IF(U7=83%,R7*S7*T7*F!$B$83,IF(U7=84%,R7*S7*T7*F!$B$84,IF(U7=85%,R7*S7*T7*F!$B$85,IF(U7=86%,R7*S7*T7*F!$B$86,IF(U7=87%,R7*S7*T7*F!$B$87,IF(U7=88%,R7*S7*T7*F!$B$88,IF(U7=89%,R7*S7*T7*F!$B$89,IF(U7=90%,R7*S7*T7*F!$B$90,IF(U7=91%,R7*S7*T7*F!$B$91,IF(U7=92%,R7*S7*T7*F!$B$92,IF(U7=93%,R7*S7*T7*F!$B$93,IF(U7=94%,R7*S7*T7*F!$B$94,IF(U7=95%,R7*S7*T7*F!$B$95,IF(U7=96%,R7*S7*T7*F!$B$96,IF(U7=97%,R7*S7*T7*F!$B$97,IF(U7=98%,R7*S7*T7*F!$B$98,IF(U7=99%,R7*S7*T7*F!$B$99,IF(U7>99%,R7*S7*T7*F!$B$100)))))))))))))))))))))))))))))))))))))))))))))))))))))))))*IF(ISNUMBER(E7),E7,1)*IF(ISNUMBER(D7),D7,1) -> #REF! | AA7: =G7*H7+K7*L7+O7*P7+S7*T7 -> 40 | AB7: =(H7*(IF(I7<45%,0.5,IF(I7<55%,0.8,IF(I7<65%,0.9,IF(I7<75%,1,IF(I7<85%,1.1,1.2))))))+L7*(IF(M7<45%,0.5,IF(M7<55%,0.8,IF(M7<65%,0.9,IF(M7<75%,1,IF(M7<85%,1.1,1.2))))))+P7*(IF(Q7<45%,0.5,IF(Q7<55%,0.8,IF(Q7<65%,0.9,IF(Q7<75%,1,IF(Q7<85%,1.1,1.2))))))+T7*(IF(U7<45%,0.5,IF(U7<55%,0.8,IF(U7<65%,0.9,IF(U7<75%,1,IF(U7<85%,1.1,1.2)))))))*IF(D7>=0.8,6,IF(D7<=0.4,1.5,3)) -> 12
B8: Средняя | C8: Разведение гантелей в стороны | D8: 0.4 | E8: 2 | F8: =IF(I8<>0,(IFERROR(IF($Y8>50,MROUND($Y8*I8,2.5),IF($Y8<15,MROUND($Y8*I8,0.1),MROUND($Y8*I8,1))),)),"") -> 2.4 | G8: 12 | H8: 1 | I8: 0.4 | J8: =IF(M8<>0,(IFERROR(IF($Y8>50,MROUND($Y8*M8,2.5),IF($Y8<15,MROUND($Y8*M8,0.1),MROUND($Y8*M8,1))),)),"") -> 3.3 | K8: 12 | L8: 3 | M8: 0.55 | N8: =IF(Q8<>0,(IFERROR(IF($Y8>50,MROUND($Y8*Q8,2.5),IF($Y8<15,MROUND($Y8*Q8,0.1),MROUND($Y8*Q8,1))),)),"") | Q8: 0 | R8: =IF(U8<>0,(IFERROR(IF($Y8>50,MROUND($Y8*U8,2.5),IF($Y8<15,MROUND($Y8*U8,0.1),MROUND($Y8*U8,1))),)),"") | U8: 0 | V8: =(IF(ISNUMBER(F8),F8,1)*G8*H8+IF(ISNUMBER(J8),J8,1)*K8*L8+IF(ISNUMBER(N8),N8,1)*O8*P8+IF(ISNUMBER(R8),R8,1)*S8*T8)*IF(ISNUMBER(E8),E8,1) -> 295.2 | W8: =IFERROR((IF(ISNUMBER(F8),F8,1)*G8*H8+IF(ISNUMBER(J8),J8,1)*K8*L8+IF(ISNUMBER(N8),N8,1)*O8*P8+IF(ISNUMBER(R8),R8,1)*S8*T8)*IF(ISNUMBER(E8),E8,1)/(G8*H8+K8*L8+O8*P8+S8*T8),0) -> 6.15 | X8: =ROUND(IFERROR((W8/(Y8*IF(ISNUMBER(E8),E8,1))),0),2) -> 0.51 | Y8: 6 | Z8: =(IF(I8<30%,0,IF(I8<35%,F8*G8*H8*F!$B$33,IF(I8<40%,F8*G8*H8*F!$B$38,IF(I8<45%,F8*G8*H8*F!$B$43,IF(I8<50%,F8*G8*H8*F!$B$48,IF(I8=50%,F8*G8*H8*F!$B$50,IF(I8=51%,F8*G8*H8*F!$B$51,IF(I8=52%,F8*G8*H8*F!$B$52,IF(I8=53%,F8*G8*H8*F!$B$53,IF(I8=54%,F8*G8*H8*F!$B$54,IF(I8=55%,F8*G8*H8*F!$B$55,IF(I8=56%,F8*G8*H8*F!$B$56,IF(I8=57%,F8*G8*H8*F!$B$57,IF(I8=58%,F8*G8*H8*F!$B$58,IF(I8=59%,F8*G8*H8*F!$B$59,IF(I8=60%,F8*G8*H8*F!$B$60,IF(I8=61%,F8*G8*H8*F!$B$61,IF(I8=62%,F8*G8*H8*F!$B$62,IF(I8=63%,F8*G8*H8*F!$B$63,IF(I8=64%,F8*G8*H8*F!$B$64,IF(I8=65%,F8*G8*H8*F!$B$65,IF(I8=66%,F8*G8*H8*F!$B$66,IF(I8=67%,F8*G8*H8*F!$B$67,IF(I8=68%,F8*G8*H8*F!$B$68,IF(I8=69%,F8*G8*H8*F!$B$69,IF(I8=70%,F8*G8*H8*F!$B$70,IF(I8=71%,F8*G8*H8*F!$B$71,IF(I8=72%,F8*G8*H8*F!$B$72,IF(I8=73%,F8*G8*H8*F!$B$73,IF(I8=74%,F8*G8*H8*F!$B$74,IF(I8=75%,F8*G8*H8*F!$B$75,IF(I8=76%,F8*G8*H8*F!$B$76,IF(I8=77%,F8*G8*H8*F!$B$77,IF(I8=78%,F8*G8*H8*F!$B$78,IF(I8=79%,F8*G8*H8*F!$B$79,IF(I8=80%,F8*G8*H8*F!$B$80,IF(I8=81%,F8*G8*H8*F!$B$81,IF(I8=82%,F8*G8*H8*F!$B$82,IF(I8=83%,F8*G8*H8*F!$B$83,IF(I8=84%,F8*G8*H8*F!$B$84,IF(I8=85%,F8*G8*H8*F!$B$85,IF(I8=86%,F8*G8*H8*F!$B$86,IF(I8=87%,F8*G8*H8*F!$B$87,IF(I8=88%,F8*G8*H8*F!$B$88,IF(I8=89%,F8*G8*H8*F!$B$89,IF(I8=90%,F8*G8*H8*F!$B$90,IF(I8=91%,F8*G8*H8*F!$B$91,IF(I8=92%,F8*G8*H8*F!$B$92,IF(I8=93%,F8*G8*H8*F!$B$93,IF(I8=94%,F8*G8*H8*F!$B$94,IF(I8=95%,F8*G8*H8*F!$B$95,IF(I8=96%,F8*G8*H8*F!$B$96,IF(I8=97%,F8*G8*H8*F!$B$97,IF(I8=98%,F8*G8*H8*F!$B$98,IF(I8=99%,F8*G8*H8*F!$B$99,IF(I8>99%,F8*G8*H8*F!$B$100,))))))))))))))))))))))))))))))))))))))))))))))))))))))))+IF(M8<30%,0,IF(M8<35%,J8*K8*L8*F!$B$33,IF(M8<40%,J8*K8*L8*F!$B$38,IF(M8<45%,J8*K8*L8*F!$B$43,IF(M8<50%,J8*K8*L8*F!$B$48,IF(M8=50%,J8*K8*L8*F!$B$50,IF(M8=51%,J8*K8*L8*F!$B$51,IF(M8=52%,J8*K8*L8*F!$B$52,IF(M8=53%,J8*K8*L8*F!$B$53,IF(M8=54%,J8*K8*L8*F!$B$54,IF(M8=55%,J8*K8*L8*F!$B$55,IF(M8=56%,J8*K8*L8*F!$B$56,IF(M8=57%,J8*K8*L8*F!$B$57,IF(M8=58%,J8*K8*L8*F!$B$58,IF(M8=59%,J8*K8*L8*F!$B$59,IF(M8=60%,J8*K8*L8*F!$B$60,IF(M8=61%,J8*K8*L8*F!$B$61,IF(M8=62%,J8*K8*L8*F!$B$62,IF(M8=63%,J8*K8*L8*F!$B$63,IF(M8=64%,J8*K8*L8*F!$B$64,IF(M8=65%,J8*K8*L8*F!$B$65,IF(M8=66%,J8*K8*L8*F!$B$66,IF(M8=67%,J8*K8*L8*F!$B$67,IF(M8=68%,J8*K8*L8*F!$B$68,IF(M8=69%,J8*K8*L8*F!$B$69,IF(M8=70%,J8*K8*L8*F!$B$70,IF(M8=71%,J8*K8*L8*F!$B$71,IF(M8=72%,J8*K8*L8*F!$B$72,IF(M8=73%,J8*K8*L8*F!$B$73,IF(M8=74%,J8*K8*L8*F!$B$74,IF(M8=75%,J8*K8*L8*F!$B$75,IF(M8=76%,J8*K8*L8*F!$B$76,IF(M8=77%,J8*K8*L8*F!$B$77,IF(M8=78%,J8*K8*L8*F!$B$78,IF(M8=79%,J8*K8*L8*F!$B$79,IF(M8=80%,J8*K8*L8*F!$B$80,IF(M8=81%,J8*K8*L8*F!$B$81,IF(M8=82%,J8*K8*L8*F!$B$82,IF(M8=83%,J8*K8*L8*F!$B$83,IF(M8=84%,J8*K8*L8*F!$B$84,IF(M8=85%,J8*K8*L8*F!$B$85,IF(M8=86%,J8*K8*L8*F!$B$86,IF(M8=87%,J8*K8*L8*F!$B$87,IF(M8=88%,J8*K8*L8*F!$B$88,IF(M8=89%,J8*K8*L8*F!$B$89,IF(M8=90%,J8*K8*L8*F!$B$90,IF(M8=91%,J8*K8*L8*F!$B$91,IF(M8=92%,J8*K8*L8*F!$B$92,IF(M8=93%,J8*K8*L8*F!$B$93,IF(M8=94%,J8*K8*L8*F!$B$94,IF(M8=95%,J8*K8*L8*F!$B$95,IF(M8=96%,J8*K8*L8*F!$B$96,IF(M8=97%,J8*K8*L8*F!$B$97,IF(M8=98%,J8*K8*L8*F!$B$98,IF(M8=99%,J8*K8*L8*F!$B$99,IF(M8>99%,J8*K8*L8*F!$B$100,))))))))))))))))))))))))))))))))))))))))))))))))))))))))+IF(Q8<30%,0,IF(Q8<35%,N8*O8*P8*F!$B$33,IF(Q8<40%,N8*O8*P8*F!$B$38,IF(Q8<45%,N8*O8*P8*F!$B$43,IF(Q8<50%,N8*O8*P8*F!$B$48,IF(Q8=50%,N8*O8*P8*F!$B$50,IF(Q8=51%,N8*O8*P8*F!$B$51,IF(Q8=52%,N8*O8*P8*F!$B$52,IF(Q8=53%,N8*O8*P8*F!$B$53,IF(Q8=54%,N8*O8*P8*F!$B$54,IF(Q8=55%,N8*O8*P8*F!$B$55,IF(Q8=56%,N8*O8*P8*F!$B$56,IF(Q8=57%,N8*O8*P8*F!$B$57,IF(Q8=58%,N8*O8*P8*F!$B$58,IF(Q8=59%,N8*O8*P8*F!$B$59,IF(Q8=60%,N8*O8*P8*F!$B$60,IF(Q8=61%,N8*O8*P8*F!$B$61,IF(Q8=62%,N8*O8*P8*F!$B$62,IF(Q8=63%,N8*O8*P8*F!$B$63,IF(Q8=64%,N8*O8*P8*F!$B$64,IF(Q8=65%,N8*O8*P8*F!$B$65,IF(Q8=66%,N8*O8*P8*F!$B$66,IF(Q8=67%,N8*O8*P8*F!$B$67,IF(Q8=68%,N8*O8*P8*F!$B$68,IF(Q8=69%,N8*O8*P8*F!$B$69,IF(Q8=70%,N8*O8*P8*F!$B$70,IF(Q8=71%,N8*O8*P8*F!$B$71,IF(Q8=72%,N8*O8*P8*F!$B$72,IF(Q8=73%,N8*O8*P8*F!$B$73,IF(Q8=74%,N8*O8*P8*F!$B$74,IF(Q8=75%,N8*O8*P8*F!$B$75,IF(Q8=76%,N8*O8*P8*F!$B$76,IF(Q8=77%,N8*O8*P8*F!$B$77,IF(Q8=78%,N8*O8*P8*F!$B$78,IF(Q8=79%,N8*O8*P8*F!$B$79,IF(Q8=80%,N8*O8*P8*F!$B$80,IF(Q8=81%,N8*O8*P8*F!$B$81,IF(Q8=82%,N8*O8*P8*F!$B$82,IF(Q8=83%,N8*O8*P8*F!$B$83,IF(Q8=84%,N8*O8*P8*F!$B$84,IF(Q8=85%,N8*O8*P8*F!$B$85,IF(Q8=86%,N8*O8*P8*F!$B$86,IF(Q8=87%,N8*O8*P8*F!$B$87,IF(Q8=88%,N8*O8*P8*F!$B$88,IF(Q8=89%,N8*O8*P8*F!$B$89,IF(Q8=90%,N8*O8*P8*F!$B$90,IF(Q8=91%,N8*O8*P8*F!$B$91,IF(Q8=92%,N8*O8*P8*F!$B$92,IF(Q8=93%,N8*O8*P8*F!$B$93,IF(Q8=94%,N8*O8*P8*F!$B$94,IF(Q8=95%,N8*O8*P8*F!$B$95,IF(Q8=96%,N8*O8*P8*F!$B$96,IF(Q8=97%,N8*O8*P8*F!$B$97,IF(Q8=98%,N8*O8*P8*F!$B$98,IF(Q8=99%,N8*O8*P8*F!$B$99,IF(Q8>99%,N8*O8*P8*F!$B$100,))))))))))))))))))))))))))))))))))))))))))))))))))))))))+IF(U8<30%,0,IF(U8<35%,R8*S8*T8*F!$B$33,IF(U8<40%,R8*S8*T8*F!$B$38,IF(U8<45%,R8*S8*T8*F!$B$43,IF(U8<50%,R8*S8*T8*F!$B$48,IF(U8=50%,R8*S8*T8*F!$B$50,IF(U8=51%,R8*S8*T8*F!$B$51,IF(U8=52%,R8*S8*T8*F!$B$52,IF(U8=53%,R8*S8*T8*F!$B$53,IF(U8=54%,R8*S8*T8*F!$B$54,IF(U8=55%,R8*S8*T8*F!$B$55,IF(U8=56%,R8*S8*T8*F!$B$56,IF(U8=57%,R8*S8*T8*F!$B$57,IF(U8=58%,R8*S8*T8*F!$B$58,IF(U8=59%,R8*S8*T8*F!$B$59,IF(U8=60%,R8*S8*T8*F!$B$60,IF(U8=61%,R8*S8*T8*F!$B$61,IF(U8=62%,R8*S8*T8*F!$B$62,IF(U8=63%,R8*S8*T8*F!$B$63,IF(U8=64%,R8*S8*T8*F!$B$64,IF(U8=65%,R8*S8*T8*F!$B$65,IF(U8=66%,R8*S8*T8*F!$B$66,IF(U8=67%,R8*S8*T8*F!$B$67,IF(U8=68%,R8*S8*T8*F!$B$68,IF(U8=69%,R8*S8*T8*F!$B$69,IF(U8=70%,R8*S8*T8*F!$B$70,IF(U8=71%,R8*S8*T8*F!$B$71,IF(U8=72%,R8*S8*T8*F!$B$72,IF(U8=73%,R8*S8*T8*F!$B$73,IF(U8=74%,R8*S8*T8*F!$B$74,IF(U8=75%,R8*S8*T8*F!$B$75,IF(U8=76%,R8*S8*T8*F!$B$76,IF(U8=77%,R8*S8*T8*F!$B$77,IF(U8=78%,R8*S8*T8*F!$B$78,IF(U8=79%,R8*S8*T8*F!$B$79,IF(U8=80%,R8*S8*T8*F!$B$80,IF(U8=81%,R8*S8*T8*F!$B$81,IF(U8=82%,R8*S8*T8*F!$B$82,IF(U8=83%,R8*S8*T8*F!$B$83,IF(U8=84%,R8*S8*T8*F!$B$84,IF(U8=85%,R8*S8*T8*F!$B$85,IF(U8=86%,R8*S8*T8*F!$B$86,IF(U8=87%,R8*S8*T8*F!$B$87,IF(U8=88%,R8*S8*T8*F!$B$88,IF(U8=89%,R8*S8*T8*F!$B$89,IF(U8=90%,R8*S8*T8*F!$B$90,IF(U8=91%,R8*S8*T8*F!$B$91,IF(U8=92%,R8*S8*T8*F!$B$92,IF(U8=93%,R8*S8*T8*F!$B$93,IF(U8=94%,R8*S8*T8*F!$B$94,IF(U8=95%,R8*S8*T8*F!$B$95,IF(U8=96%,R8*S8*T8*F!$B$96,IF(U8=97%,R8*S8*T8*F!$B$97,IF(U8=98%,R8*S8*T8*F!$B$98,IF(U8=99%,R8*S8*T8*F!$B$99,IF(U8>99%,R8*S8*T8*F!$B$100)))))))))))))))))))))))))))))))))))))))))))))))))))))))))*IF(ISNUMBER(E8),E8,1)*IF(ISNUMBER(D8),D8,1) -> #REF! | AA8: =G8*H8+K8*L8+O8*P8+S8*T8 -> 48 | AB8: =(H8*(IF(I8<45%,0.5,IF(I8<55%,0.8,IF(I8<65%,0.9,IF(I8<75%,1,IF(I8<85%,1.1,1.2))))))+L8*(IF(M8<45%,0.5,IF(M8<55%,0.8,IF(M8<65%,0.9,IF(M8<75%,1,IF(M8<85%,1.1,1.2))))))+P8*(IF(Q8<45%,0.5,IF(Q8<55%,0.8,IF(Q8<65%,0.9,IF(Q8<75%,1,IF(Q8<85%,1.1,1.2))))))+T8*(IF(U8<45%,0.5,IF(U8<55%,0.8,IF(U8<65%,0.9,IF(U8<75%,1,IF(U8<85%,1.1,1.2)))))))*IF(D8>=0.8,6,IF(D8<=0.4,1.5,3)) -> 4.8
C9: Разгибание рук на блоке | D9: =ROUND(IFERROR((D3*(G3*H3+K3*L3+O3*P3+S3*T3)+D4*(G4*H4+K4*L4+O4*P4+S4*T4)+D5*(G5*H5+K5*L5+O5*P5+S5*T5)+D6*(G6*H6+K6*L6+O6*P6+S6*T6)+D7*(G7*H7+K7*L7+O7*P7+S7*T7)+D8*(G8*H8+K8*L8+O8*P8+S8*T8))/((G3*H3+K3*L3+O3*P3+S3*T3)+(G4*H4+K4*L4+O4*P4+S4*T4)+(G5*H5+K5*L5+O5*P5+S5*T5)+(G6*H6+K6*L6+O6*P6+S6*T6)+(G7*H7+K7*L7+O7*P7+S7*T7)+(G8*H8+K8*L8+O8*P8+S8*T8)),0),2) -> 0.76 | V9: =SUM(V3:V8) -> 5453.2 | W9: =IFERROR(V9/AA9,0) -> 20.500752 | X9: =ROUND(IFERROR(((I3*G3*H3+M3*K3*L3+Q3*O3*P3+U3*S3*T3)+(I4*G4*H4+M4*K4*L4+Q4*O4*P4+U4*S4*T4)+(I5*G5*H5+M5*K5*L5+Q5*O5*P5+U5*S5*T5)+(I6*G6*H6+M6*K6*L6+Q6*O6*P6+U6*S6*T6)+(I7*G7*H7+M7*K7*L7+Q7*O7*P7+U7*S7*T7)+(I8*G8*H8+M8*K8*L8+Q8*O8*P8+U8*S8*T8))/((G3*H3+K3*L3+O3*P3+S3*T3)+(G4*H4+K4*L4+O4*P4+S4*T4)+(G5*H5+K5*L5+O5*P5+S5*T5)+(G6*H6+K6*L6+O6*P6+S6*T6)+(G7*H7+K7*L7+O7*P7+S7*T7)+(G8*H8+K8*L8+O8*P8+S8*T8)),0),3) -> 0.479 | Z9: =SUM(Z3:Z8) -> #REF! | AA9: =SUM(AA3:AA8) -> 266 | AB9: =IF(SUM(AB3:AB8)=0,TIME(,0,),TIME(,SUM(AB3:AB8)+30,)) -> 0.070138889
A10: Ср | B10: Средняя | C10: Румынская тяга | D10: 1 | F10: =IF(I10<>0,(IFERROR(IF($Y10>50,MROUND($Y10*I10,2.5),IF($Y10<15,MROUND($Y10*I10,0.1),MROUND($Y10*I10,1))),)),"") -> 22.5 | G10: 12 | H10: 1 | I10: 0.4 | J10: =IF(M10<>0,(IFERROR(IF($Y10>50,MROUND($Y10*M10,2.5),IF($Y10<15,MROUND($Y10*M10,0.1),MROUND($Y10*M10,1))),)),"") -> 32.5 | K10: 10 | L10: 4 | M10: 0.6 | N10: =IF(Q10<>0,(IFERROR(IF($Y10>50,MROUND($Y10*Q10,2.5),IF($Y10<15,MROUND($Y10*Q10,0.1),MROUND($Y10*Q10,1))),)),"") | Q10: 0 | R10: =IF(U10<>0,(IFERROR(IF($Y10>50,MROUND($Y10*U10,2.5),IF($Y10<15,MROUND($Y10*U10,0.1),MROUND($Y10*U10,1))),)),"") | U10: 0 | V10: =(IF(ISNUMBER(F10),F10,1)*G10*H10+IF(ISNUMBER(J10),J10,1)*K10*L10+IF(ISNUMBER(N10),N10,1)*O10*P10+IF(ISNUMBER(R10),R10,1)*S10*T10)*IF(ISNUMBER(E10),E10,1) -> 1570 | W10: =IFERROR((IF(ISNUMBER(F10),F10,1)*G10*H10+IF(ISNUMBER(J10),J10,1)*K10*L10+IF(ISNUMBER(N10),N10,1)*O10*P10+IF(ISNUMBER(R10),R10,1)*S10*T10)*IF(ISNUMBER(E10),E10,1)/(G10*H10+K10*L10+O10*P10+S10*T10),0) -> 30.192308 | X10: =ROUND(IFERROR((W10/(Y10*IF(ISNUMBER(E10),E10,1))),0),2) -> 0.55 | Y10: 55 | Z10: =(IF(I10<30%,0,IF(I10<35%,F10*G10*H10*F!$B$33,IF(I10<40%,F10*G10*H10*F!$B$38,IF(I10<45%,F10*G10*H10*F!$B$43,IF(I10<50%,F10*G10*H10*F!$B$48,IF(I10=50%,F10*G10*H10*F!$B$50,IF(I10=51%,F10*G10*H10*F!$B$51,IF(I10=52%,F10*G10*H10*F!$B$52,IF(I10=53%,F10*G10*H10*F!$B$53,IF(I10=54%,F10*G10*H10*F!$B$54,IF(I10=55%,F10*G10*H10*F!$B$55,IF(I10=56%,F10*G10*H10*F!$B$56,IF(I10=57%,F10*G10*H10*F!$B$57,IF(I10=58%,F10*G10*H10*F!$B$58,IF(I10=59%,F10*G10*H10*F!$B$59,IF(I10=60%,F10*G10*H10*F!$B$60,IF(I10=61%,F10*G10*H10*F!$B$61,IF(I10=62%,F10*G10*H10*F!$B$62,IF(I10=63%,F10*G10*H10*F!$B$63,IF(I10=64%,F10*G10*H10*F!$B$64,IF(I10=65%,F10*G10*H10*F!$B$65,IF(I10=66%,F10*G10*H10*F!$B$66,IF(I10=67%,F10*G10*H10*F!$B$67,IF(I10=68%,F10*G10*H10*F!$B$68,IF(I10=69%,F10*G10*H10*F!$B$69,IF(I10=70%,F10*G10*H10*F!$B$70,IF(I10=71%,F10*G10*H10*F!$B$71,IF(I10=72%,F10*G10*H10*F!$B$72,IF(I10=73%,F10*G10*H10*F!$B$73,IF(I10=74%,F10*G10*H10*F!$B$74,IF(I10=75%,F10*G10*H10*F!$B$75,IF(I10=76%,F10*G10*H10*F!$B$76,IF(I10=77%,F10*G10*H10*F!$B$77,IF(I10=78%,F10*G10*H10*F!$B$78,IF(I10=79%,F10*G10*H10*F!$B$79,IF(I10=80%,F10*G10*H10*F!$B$80,IF(I10=81%,F10*G10*H10*F!$B$81,IF(I10=82%,F10*G10*H10*F!$B$82,IF(I10=83%,F10*G10*H10*F!$B$83,IF(I10=84%,F10*G10*H10*F!$B$84,IF(I10=85%,F10*G10*H10*F!$B$85,IF(I10=86%,F10*G10*H10*F!$B$86,IF(I10=87%,F10*G10*H10*F!$B$87,IF(I10=88%,F10*G10*H10*F!$B$88,IF(I10=89%,F10*G10*H10*F!$B$89,IF(I10=90%,F10*G10*H10*F!$B$90,IF(I10=91%,F10*G10*H10*F!$B$91,IF(I10=92%,F10*G10*H10*F!$B$92,IF(I10=93%,F10*G10*H10*F!$B$93,IF(I10=94%,F10*G10*H10*F!$B$94,IF(I10=95%,F10*G10*H10*F!$B$95,IF(I10=96%,F10*G10*H10*F!$B$96,IF(I10=97%,F10*G10*H10*F!$B$97,IF(I10=98%,F10*G10*H10*F!$B$98,IF(I10=99%,F10*G10*H10*F!$B$99,IF(I10>99%,F10*G10*H10*F!$B$100,))))))))))))))))))))))))))))))))))))))))))))))))))))))))+IF(M10<30%,0,IF(M10<35%,J10*K10*L10*F!$B$33,IF(M10<40%,J10*K10*L10*F!$B$38,IF(M10<45%,J10*K10*L10*F!$B$43,IF(M10<50%,J10*K10*L10*F!$B$48,IF(M10=50%,J10*K10*L10*F!$B$50,IF(M10=51%,J10*K10*L10*F!$B$51,IF(M10=52%,J10*K10*L10*F!$B$52,IF(M10=53%,J10*K10*L10*F!$B$53,IF(M10=54%,J10*K10*L10*F!$B$54,IF(M10=55%,J10*K10*L10*F!$B$55,IF(M10=56%,J10*K10*L10*F!$B$56,IF(M10=57%,J10*K10*L10*F!$B$57,IF(M10=58%,J10*K10*L10*F!$B$58,IF(M10=59%,J10*K10*L10*F!$B$59,IF(M10=60%,J10*K10*L10*F!$B$60,IF(M10=61%,J10*K10*L10*F!$B$61,IF(M10=62%,J10*K10*L10*F!$B$62,IF(M10=63%,J10*K10*L10*F!$B$63,IF(M10=64%,J10*K10*L10*F!$B$64,IF(M10=65%,J10*K10*L10*F!$B$65,IF(M10=66%,J10*K10*L10*F!$B$66,IF(M10=67%,J10*K10*L10*F!$B$67,IF(M10=68%,J10*K10*L10*F!$B$68,IF(M10=69%,J10*K10*L10*F!$B$69,IF(M10=70%,J10*K10*L10*F!$B$70,IF(M10=71%,J10*K10*L10*F!$B$71,IF(M10=72%,J10*K10*L10*F!$B$72,IF(M10=73%,J10*K10*L10*F!$B$73,IF(M10=74%,J10*K10*L10*F!$B$74,IF(M10=75%,J10*K10*L10*F!$B$75,IF(M10=76%,J10*K10*L10*F!$B$76,IF(M10=77%,J10*K10*L10*F!$B$77,IF(M10=78%,J10*K10*L10*F!$B$78,IF(M10=79%,J10*K10*L10*F!$B$79,IF(M10=80%,J10*K10*L10*F!$B$80,IF(M10=81%,J10*K10*L10*F!$B$81,IF(M10=82%,J10*K10*L10*F!$B$82,IF(M10=83%,J10*K10*L10*F!$B$83,IF(M10=84%,J10*K10*L10*F!$B$84,IF(M10=85%,J10*K10*L10*F!$B$85,IF(M10=86%,J10*K10*L10*F!$B$86,IF(M10=87%,J10*K10*L10*F!$B$87,IF(M10=88%,J10*K10*L10*F!$B$88,IF(M10=89%,J10*K10*L10*F!$B$89,IF(M10=90%,J10*K10*L10*F!$B$90,IF(M10=91%,J10*K10*L10*F!$B$91,IF(M10=92%,J10*K10*L10*F!$B$92,IF(M10=93%,J10*K10*L10*F!$B$93,IF(M10=94%,J10*K10*L10*F!$B$94,IF(M10=95%,J10*K10*L10*F!$B$95,IF(M10=96%,J10*K10*L10*F!$B$96,IF(M10=97%,J10*K10*L10*F!$B$97,IF(M10=98%,J10*K10*L10*F!$B$98,IF(M10=99%,J10*K10*L10*F!$B$99,IF(M10>99%,J10*K10*L10*F!$B$100,))))))))))))))))))))))))))))))))))))))))))))))))))))))))+IF(Q10<30%,0,IF(Q10<35%,N10*O10*P10*F!$B$33,IF(Q10<40%,N10*O10*P10*F!$B$38,IF(Q10<45%,N10*O10*P10*F!$B$43,IF(Q10<50%,N10*O10*P10*F!$B$48,IF(Q10=50%,N10*O10*P10*F!$B$50,IF(Q10=51%,N10*O10*P10*F!$B$51,IF(Q10=52%,N10*O10*P10*F!$B$52,IF(Q10=53%,N10*O10*P10*F!$B$53,IF(Q10=54%,N10*O10*P10*F!$B$54,IF(Q10=55%,N10*O10*P10*F!$B$55,IF(Q10=56%,N10*O10*P10*F!$B$56,IF(Q10=57%,N10*O10*P10*F!$B$57,IF(Q10=58%,N10*O10*P10*F!$B$58,IF(Q10=59%,N10*O10*P10*F!$B$59,IF(Q10=60%,N10*O10*P10*F!$B$60,IF(Q10=61%,N10*O10*P10*F!$B$61,IF(Q10=62%,N10*O10*P10*F!$B$62,IF(Q10=63%,N10*O10*P10*F!$B$63,IF(Q10=64%,N10*O10*P10*F!$B$64,IF(Q10=65%,N10*O10*P10*F!$B$65,IF(Q10=66%,N10*O10*P10*F!$B$66,IF(Q10=67%,N10*O10*P10*F!$B$67,IF(Q10=68%,N10*O10*P10*F!$B$68,IF(Q10=69%,N10*O10*P10*F!$B$69,IF(Q10=70%,N10*O10*P10*F!$B$70,IF(Q10=71%,N10*O10*P10*F!$B$71,IF(Q10=72%,N10*O10*P10*F!$B$72,IF(Q10=73%,N10*O10*P10*F!$B$73,IF(Q10=74%,N10*O10*P10*F!$B$74,IF(Q10=75%,N10*O10*P10*F!$B$75,IF(Q10=76%,N10*O10*P10*F!$B$76,IF(Q10=77%,N10*O10*P10*F!$B$77,IF(Q10=78%,N10*O10*P10*F!$B$78,IF(Q10=79%,N10*O10*P10*F!$B$79,IF(Q10=80%,N10*O10*P10*F!$B$80,IF(Q10=81%,N10*O10*P10*F!$B$81,IF(Q10=82%,N10*O10*P10*F!$B$82,IF(Q10=83%,N10*O10*P10*F!$B$83,IF(Q10=84%,N10*O10*P10*F!$B$84,IF(Q10=85%,N10*O10*P10*F!$B$85,IF(Q10=86%,N10*O10*P10*F!$B$86,IF(Q10=87%,N10*O10*P10*F!$B$87,IF(Q10=88%,N10*O10*P10*F!$B$88,IF(Q10=89%,N10*O10*P10*F!$B$89,IF(Q10=90%,N10*O10*P10*F!$B$90,IF(Q10=91%,N10*O10*P10*F!$B$91,IF(Q10=92%,N10*O10*P10*F!$B$92,IF(Q10=93%,N10*O10*P10*F!$B$93,IF(Q10=94%,N10*O10*P10*F!$B$94,IF(Q10=95%,N10*O10*P10*F!$B$95,IF(Q10=96%,N10*O10*P10*F!$B$96,IF(Q10=97%,N10*O10*P10*F!$B$97,IF(Q10=98%,N10*O10*P10*F!$B$98,IF(Q10=99%,N10*O10*P10*F!$B$99,IF(Q10>99%,N10*O10*P10*F!$B$100,))))))))))))))))))))))))))))))))))))))))))))))))))))))))+IF(U10<30%,0,IF(U10<35%,R10*S10*T10*F!$B$33,IF(U10<40%,R10*S10*T10*F!$B$38,IF(U10<45%,R10*S10*T10*F!$B$43,IF(U10<50%,R10*S10*T10*F!$B$48,IF(U10=50%,R10*S10*T10*F!$B$50,IF(U10=51%,R10*S10*T10*F!$B$51,IF(U10=52%,R10*S10*T10*F!$B$52,IF(U10=53%,R10*S10*T10*F!$B$53,IF(U10=54%,R10*S10*T10*F!$B$54,IF(U10=55%,R10*S10*T10*F!$B$55,IF(U10=56%,R10*S10*T10*F!$B$56,IF(U10=57%,R10*S10*T10*F!$B$57,IF(U10=58%,R10*S10*T10*F!$B$58,IF(U10=59%,R10*S10*T10*F!$B$59,IF(U10=60%,R10*S10*T10*F!$B$60,IF(U10=61%,R10*S10*T10*F!$B$61,IF(U10=62%,R10*S10*T10*F!$B$62,IF(U10=63%,R10*S10*T10*F!$B$63,IF(U10=64%,R10*S10*T10*F!$B$64,IF(U10=65%,R10*S10*T10*F!$B$65,IF(U10=66%,R10*S10*T10*F!$B$66,IF(U10=67%,R10*S10*T10*F!$B$67,IF(U10=68%,R10*S10*T10*F!$B$68,IF(U10=69%,R10*S10*T10*F!$B$69,IF(U10=70%,R10*S10*T10*F!$B$70,IF(U10=71%,R10*S10*T10*F!$B$71,IF(U10=72%,R10*S10*T10*F!$B$72,IF(U10=73%,R10*S10*T10*F!$B$73,IF(U10=74%,R10*S10*T10*F!$B$74,IF(U10=75%,R10*S10*T10*F!$B$75,IF(U10=76%,R10*S10*T10*F!$B$76,IF(U10=77%,R10*S10*T10*F!$B$77,IF(U10=78%,R10*S10*T10*F!$B$78,IF(U10=79%,R10*S10*T10*F!$B$79,IF(U10=80%,R10*S10*T10*F!$B$80,IF(U10=81%,R10*S10*T10*F!$B$81,IF(U10=82%,R10*S10*T10*F!$B$82,IF(U10=83%,R10*S10*T10*F!$B$83,IF(U10=84%,R10*S10*T10*F!$B$84,IF(U10=85%,R10*S10*T10*F!$B$85,IF(U10=86%,R10*S10*T10*F!$B$86,IF(U10=87%,R10*S10*T10*F!$B$87,IF(U10=88%,R10*S10*T10*F!$B$88,IF(U10=89%,R10*S10*T10*F!$B$89,IF(U10=90%,R10*S10*T10*F!$B$90,IF(U10=91%,R10*S10*T10*F!$B$91,IF(U10=92%,R10*S10*T10*F!$B$92,IF(U10=93%,R10*S10*T10*F!$B$93,IF(U10=94%,R10*S10*T10*F!$B$94,IF(U10=95%,R10*S10*T10*F!$B$95,IF(U10=96%,R10*S10*T10*F!$B$96,IF(U10=97%,R10*S10*T10*F!$B$97,IF(U10=98%,R10*S10*T10*F!$B$98,IF(U10=99%,R10*S10*T10*F!$B$99,IF(U10>99%,R10*S10*T10*F!$B$100)))))))))))))))))))))))))))))))))))))))))))))))))))))))))*IF(ISNUMBER(E10),E10,1)*IF(ISNUMBER(D10),D10,1) -> #REF! | AA10: =G10*H10+K10*L10+O10*P10+S10*T10 -> 52 | AB10: =(H10*(IF(I10<45%,0.5,IF(I10<55%,0.8,IF(I10<65%,0.9,IF(I10<75%,1,IF(I10<85%,1.1,1.2))))))+L10*(IF(M10<45%,0.5,IF(M10<55%,0.8,IF(M10<65%,0.9,IF(M10<75%,1,IF(M10<85%,1.1,1.2))))))+P10*(IF(Q10<45%,0.5,IF(Q10<55%,0.8,IF(Q10<65%,0.9,IF(Q10<75%,1,IF(Q10<85%,1.1,1.2))))))+T10*(IF(U10<45%,0.5,IF(U10<55%,0.8,IF(U10<65%,0.9,IF(U10<75%,1,IF(U10<85%,1.1,1.2)))))))*IF(D10>=0.8,6,IF(D10<=0.4,1.5,3)) -> 24.6
A11: =A4+2 -> 42333 | B11: Средняя | C11: Выпады назад | D11: 1 | E11: 2 | F11: =IF(I11<>0,(IFERROR(IF($Y11>50,MROUND($Y11*I11,2.5),IF($Y11<15,MROUND($Y11*I11,0.1),MROUND($Y11*I11,1))),)),"") -> 6.3 | G11: 12 | H11: 1 | I11: 0.45 | J11: =IF(M11<>0,(IFERROR(IF($Y11>50,MROUND($Y11*M11,2.5),IF($Y11<15,MROUND($Y11*M11,0.1),MROUND($Y11*M11,1))),)),"") -> 8.7 | K11: 10 | L11: 3 | M11: 0.62 | N11: =IF(Q11<>0,(IFERROR(IF($Y11>50,MROUND($Y11*Q11,2.5),IF($Y11<15,MROUND($Y11*Q11,0.1),MROUND($Y11*Q11,1))),)),"") | Q11: 0 | R11: =IF(U11<>0,(IFERROR(IF($Y11>50,MROUND($Y11*U11,2.5),IF($Y11<15,MROUND($Y11*U11,0.1),MROUND($Y11*U11,1))),)),"") | U11: 0 | V11: =(IF(ISNUMBER(F11),F11,1)*G11*H11+IF(ISNUMBER(J11),J11,1)*K11*L11+IF(ISNUMBER(N11),N11,1)*O11*P11+IF(ISNUMBER(R11),R11,1)*S11*T11)*IF(ISNUMBER(E11),E11,1) -> 673.2 | W11: =IFERROR((IF(ISNUMBER(F11),F11,1)*G11*H11+IF(ISNUMBER(J11),J11,1)*K11*L11+IF(ISNUMBER(N11),N11,1)*O11*P11+IF(ISNUMBER(R11),R11,1)*S11*T11)*IF(ISNUMBER(E11),E11,1)/(G11*H11+K11*L11+O11*P11+S11*T11),0) -> 16.028571 | X11: =ROUND(IFERROR((W11/(Y11*IF(ISNUMBER(E11),E11,1))),0),2) -> 0.57 | Y11: 14 | Z11: =(IF(I11<30%,0,IF(I11<35%,F11*G11*H11*F!$B$33,IF(I11<40%,F11*G11*H11*F!$B$38,IF(I11<45%,F11*G11*H11*F!$B$43,IF(I11<50%,F11*G11*H11*F!$B$48,IF(I11=50%,F11*G11*H11*F!$B$50,IF(I11=51%,F11*G11*H11*F!$B$51,IF(I11=52%,F11*G11*H11*F!$B$52,IF(I11=53%,F11*G11*H11*F!$B$53,IF(I11=54%,F11*G11*H11*F!$B$54,IF(I11=55%,F11*G11*H11*F!$B$55,IF(I11=56%,F11*G11*H11*F!$B$56,IF(I11=57%,F11*G11*H11*F!$B$57,IF(I11=58%,F11*G11*H11*F!$B$58,IF(I11=59%,F11*G11*H11*F!$B$59,IF(I11=60%,F11*G11*H11*F!$B$60,IF(I11=61%,F11*G11*H11*F!$B$61,IF(I11=62%,F11*G11*H11*F!$B$62,IF(I11=63%,F11*G11*H11*F!$B$63,IF(I11=64%,F11*G11*H11*F!$B$64,IF(I11=65%,F11*G11*H11*F!$B$65,IF(I11=66%,F11*G11*H11*F!$B$66,IF(I11=67%,F11*G11*H11*F!$B$67,IF(I11=68%,F11*G11*H11*F!$B$68,IF(I11=69%,F11*G11*H11*F!$B$69,IF(I11=70%,F11*G11*H11*F!$B$70,IF(I11=71%,F11*G11*H11*F!$B$71,IF(I11=72%,F11*G11*H11*F!$B$72,IF(I11=73%,F11*G11*H11*F!$B$73,IF(I11=74%,F11*G11*H11*F!$B$74,IF(I11=75%,F11*G11*H11*F!$B$75,IF(I11=76%,F11*G11*H11*F!$B$76,IF(I11=77%,F11*G11*H11*F!$B$77,IF(I11=78%,F11*G11*H11*F!$B$78,IF(I11=79%,F11*G11*H11*F!$B$79,IF(I11=80%,F11*G11*H11*F!$B$80,IF(I11=81%,F11*G11*H11*F!$B$81,IF(I11=82%,F11*G11*H11*F!$B$82,IF(I11=83%,F11*G11*H11*F!$B$83,IF(I11=84%,F11*G11*H11*F!$B$84,IF(I11=85%,F11*G11*H11*F!$B$85,IF(I11=86%,F11*G11*H11*F!$B$86,IF(I11=87%,F11*G11*H11*F!$B$87,IF(I11=88%,F11*G11*H11*F!$B$88,IF(I11=89%,F11*G11*H11*F!$B$89,IF(I11=90%,F11*G11*H11*F!$B$90,IF(I11=91%,F11*G11*H11*F!$B$91,IF(I11=92%,F11*G11*H11*F!$B$92,IF(I11=93%,F11*G11*H11*F!$B$93,IF(I11=94%,F11*G11*H11*F!$B$94,IF(I11=95%,F11*G11*H11*F!$B$95,IF(I11=96%,F11*G11*H11*F!$B$96,IF(I11=97%,F11*G11*H11*F!$B$97,IF(I11=98%,F11*G11*H11*F!$B$98,IF(I11=99%,F11*G11*H11*F!$B$99,IF(I11>99%,F11*G11*H11*F!$B$100,))))))))))))))))))))))))))))))))))))))))))))))))))))))))+IF(M11<30%,0,IF(M11<35%,J11*K11*L11*F!$B$33,IF(M11<40%,J11*K11*L11*F!$B$38,IF(M11<45%,J11*K11*L11*F!$B$43,IF(M11<50%,J11*K11*L11*F!$B$48,IF(M11=50%,J11*K11*L11*F!$B$50,IF(M11=51%,J11*K11*L11*F!$B$51,IF(M11=52%,J11*K11*L11*F!$B$52,IF(M11=53%,J11*K11*L11*F!$B$53,IF(M11=54%,J11*K11*L11*F!$B$54,IF(M11=55%,J11*K11*L11*F!$B$55,IF(M11=56%,J11*K11*L11*F!$B$56,IF(M11=57%,J11*K11*L11*F!$B$57,IF(M11=58%,J11*K11*L11*F!$B$58,IF(M11=59%,J11*K11*L11*F!$B$59,IF(M11=60%,J11*K11*L11*F!$B$60,IF(M11=61%,J11*K11*L11*F!$B$61,IF(M11=62%,J11*K11*L11*F!$B$62,IF(M11=63%,J11*K11*L11*F!$B$63,IF(M11=64%,J11*K11*L11*F!$B$64,IF(M11=65%,J11*K11*L11*F!$B$65,IF(M11=66%,J11*K11*L11*F!$B$66,IF(M11=67%,J11*K11*L11*F!$B$67,IF(M11=68%,J11*K11*L11*F!$B$68,IF(M11=69%,J11*K11*L11*F!$B$69,IF(M11=70%,J11*K11*L11*F!$B$70,IF(M11=71%,J11*K11*L11*F!$B$71,IF(M11=72%,J11*K11*L11*F!$B$72,IF(M11=73%,J11*K11*L11*F!$B$73,IF(M11=74%,J11*K11*L11*F!$B$74,IF(M11=75%,J11*K11*L11*F!$B$75,IF(M11=76%,J11*K11*L11*F!$B$76,IF(M11=77%,J11*K11*L11*F!$B$77,IF(M11=78%,J11*K11*L11*F!$B$78,IF(M11=79%,J11*K11*L11*F!$B$79,IF(M11=80%,J11*K11*L11*F!$B$80,IF(M11=81%,J11*K11*L11*F!$B$81,IF(M11=82%,J11*K11*L11*F!$B$82,IF(M11=83%,J11*K11*L11*F!$B$83,IF(M11=84%,J11*K11*L11*F!$B$84,IF(M11=85%,J11*K11*L11*F!$B$85,IF(M11=86%,J11*K11*L11*F!$B$86,IF(M11=87%,J11*K11*L11*F!$B$87,IF(M11=88%,J11*K11*L11*F!$B$88,IF(M11=89%,J11*K11*L11*F!$B$89,IF(M11=90%,J11*K11*L11*F!$B$90,IF(M11=91%,J11*K11*L11*F!$B$91,IF(M11=92%,J11*K11*L11*F!$B$92,IF(M11=93%,J11*K11*L11*F!$B$93,IF(M11=94%,J11*K11*L11*F!$B$94,IF(M11=95%,J11*K11*L11*F!$B$95,IF(M11=96%,J11*K11*L11*F!$B$96,IF(M11=97%,J11*K11*L11*F!$B$97,IF(M11=98%,J11*K11*L11*F!$B$98,IF(M11=99%,J11*K11*L11*F!$B$99,IF(M11>99%,J11*K11*L11*F!$B$100,))))))))))))))))))))))))))))))))))))))))))))))))))))))))+IF(Q11<30%,0,IF(Q11<35%,N11*O11*P11*F!$B$33,IF(Q11<40%,N11*O11*P11*F!$B$38,IF(Q11<45%,N11*O11*P11*F!$B$43,IF(Q11<50%,N11*O11*P11*F!$B$48,IF(Q11=50%,N11*O11*P11*F!$B$50,IF(Q11=51%,N11*O11*P11*F!$B$51,IF(Q11=52%,N11*O11*P11*F!$B$52,IF(Q11=53%,N11*O11*P11*F!$B$53,IF(Q11=54%,N11*O11*P11*F!$B$54,IF(Q11=55%,N11*O11*P11*F!$B$55,IF(Q11=56%,N11*O11*P11*F!$B$56,IF(Q11=57%,N11*O11*P11*F!$B$57,IF(Q11=58%,N11*O11*P11*F!$B$58,IF(Q11=59%,N11*O11*P11*F!$B$59,IF(Q11=60%,N11*O11*P11*F!$B$60,IF(Q11=61%,N11*O11*P11*F!$B$61,IF(Q11=62%,N11*O11*P11*F!$B$62,IF(Q11=63%,N11*O11*P11*F!$B$63,IF(Q11=64%,N11*O11*P11*F!$B$64,IF(Q11=65%,N11*O11*P11*F!$B$65,IF(Q11=66%,N11*O11*P11*F!$B$66,IF(Q11=67%,N11*O11*P11*F!$B$67,IF(Q11=68%,N11*O11*P11*F!$B$68,IF(Q11=69%,N11*O11*P11*F!$B$69,IF(Q11=70%,N11*O11*P11*F!$B$70,IF(Q11=71%,N11*O11*P11*F!$B$71,IF(Q11=72%,N11*O11*P11*F!$B$72,IF(Q11=73%,N11*O11*P11*F!$B$73,IF(Q11=74%,N11*O11*P11*F!$B$74,IF(Q11=75%,N11*O11*P11*F!$B$75,IF(Q11=76%,N11*O11*P11*F!$B$76,IF(Q11=77%,N11*O11*P11*F!$B$77,IF(Q11=78%,N11*O11*P11*F!$B$78,IF(Q11=79%,N11*O11*P11*F!$B$79,IF(Q11=80%,N11*O11*P11*F!$B$80,IF(Q11=81%,N11*O11*P11*F!$B$81,IF(Q11=82%,N11*O11*P11*F!$B$82,IF(Q11=83%,N11*O11*P11*F!$B$83,IF(Q11=84%,N11*O11*P11*F!$B$84,IF(Q11=85%,N11*O11*P11*F!$B$85,IF(Q11=86%,N11*O11*P11*F!$B$86,IF(Q11=87%,N11*O11*P11*F!$B$87,IF(Q11=88%,N11*O11*P11*F!$B$88,IF(Q11=89%,N11*O11*P11*F!$B$89,IF(Q11=90%,N11*O11*P11*F!$B$90,IF(Q11=91%,N11*O11*P11*F!$B$91,IF(Q11=92%,N11*O11*P11*F!$B$92,IF(Q11=93%,N11*O11*P11*F!$B$93,IF(Q11=94%,N11*O11*P11*F!$B$94,IF(Q11=95%,N11*O11*P11*F!$B$95,IF(Q11=96%,N11*O11*P11*F!$B$96,IF(Q11=97%,N11*O11*P11*F!$B$97,IF(Q11=98%,N11*O11*P11*F!$B$98,IF(Q11=99%,N11*O11*P11*F!$B$99,IF(Q11>99%,N11*O11*P11*F!$B$100,))))))))))))))))))))))))))))))))))))))))))))))))))))))))+IF(U11<30%,0,IF(U11<35%,R11*S11*T11*F!$B$33,IF(U11<40%,R11*S11*T11*F!$B$38,IF(U11<45%,R11*S11*T11*F!$B$43,IF(U11<50%,R11*S11*T11*F!$B$48,IF(U11=50%,R11*S11*T11*F!$B$50,IF(U11=51%,R11*S11*T11*F!$B$51,IF(U11=52%,R11*S11*T11*F!$B$52,IF(U11=53%,R11*S11*T11*F!$B$53,IF(U11=54%,R11*S11*T11*F!$B$54,IF(U11=55%,R11*S11*T11*F!$B$55,IF(U11=56%,R11*S11*T11*F!$B$56,IF(U11=57%,R11*S11*T11*F!$B$57,IF(U11=58%,R11*S11*T11*F!$B$58,IF(U11=59%,R11*S11*T11*F!$B$59,IF(U11=60%,R11*S11*T11*F!$B$60,IF(U11=61%,R11*S11*T11*F!$B$61,IF(U11=62%,R11*S11*T11*F!$B$62,IF(U11=63%,R11*S11*T11*F!$B$63,IF(U11=64%,R11*S11*T11*F!$B$64,IF(U11=65%,R11*S11*T11*F!$B$65,IF(U11=66%,R11*S11*T11*F!$B$66,IF(U11=67%,R11*S11*T11*F!$B$67,IF(U11=68%,R11*S11*T11*F!$B$68,IF(U11=69%,R11*S11*T11*F!$B$69,IF(U11=70%,R11*S11*T11*F!$B$70,IF(U11=71%,R11*S11*T11*F!$B$71,IF(U11=72%,R11*S11*T11*F!$B$72,IF(U11=73%,R11*S11*T11*F!$B$73,IF(U11=74%,R11*S11*T11*F!$B$74,IF(U11=75%,R11*S11*T11*F!$B$75,IF(U11=76%,R11*S11*T11*F!$B$76,IF(U11=77%,R11*S11*T11*F!$B$77,IF(U11=78%,R11*S11*T11*F!$B$78,IF(U11=79%,R11*S11*T11*F!$B$79,IF(U11=80%,R11*S11*T11*F!$B$80,IF(U11=81%,R11*S11*T11*F!$B$81,IF(U11=82%,R11*S11*T11*F!$B$82,IF(U11=83%,R11*S11*T11*F!$B$83,IF(U11=84%,R11*S11*T11*F!$B$84,IF(U11=85%,R11*S11*T11*F!$B$85,IF(U11=86%,R11*S11*T11*F!$B$86,IF(U11=87%,R11*S11*T11*F!$B$87,IF(U11=88%,R11*S11*T11*F!$B$88,IF(U11=89%,R11*S11*T11*F!$B$89,IF(U11=90%,R11*S11*T11*F!$B$90,IF(U11=91%,R11*S11*T11*F!$B$91,IF(U11=92%,R11*S11*T11*F!$B$92,IF(U11=93%,R11*S11*T11*F!$B$93,IF(U11=94%,R11*S11*T11*F!$B$94,IF(U11=95%,R11*S11*T11*F!$B$95,IF(U11=96%,R11*S11*T11*F!$B$96,IF(U11=97%,R11*S11*T11*F!$B$97,IF(U11=98%,R11*S11*T11*F!$B$98,IF(U11=99%,R11*S11*T11*F!$B$99,IF(U11>99%,R11*S11*T11*F!$B$100)))))))))))))))))))))))))))))))))))))))))))))))))))))))))*IF(ISNUMBER(E11),E11,1)*IF(ISNUMBER(D11),D11,1) -> #REF! | AA11: =G11*H11+K11*L11+O11*P11+S11*T11 -> 42 | AB11: =(H11*(IF(I11<45%,0.5,IF(I11<55%,0.8,IF(I11<65%,0.9,IF(I11<75%,1,IF(I11<85%,1.1,1.2))))))+L11*(IF(M11<45%,0.5,IF(M11<55%,0.8,IF(M11<65%,0.9,IF(M11<75%,1,IF(M11<85%,1.1,1.2))))))+P11*(IF(Q11<45%,0.5,IF(Q11<55%,0.8,IF(Q11<65%,0.9,IF(Q11<75%,1,IF(Q11<85%,1.1,1.2))))))+T11*(IF(U11<45%,0.5,IF(U11<55%,0.8,IF(U11<65%,0.9,IF(U11<75%,1,IF(U11<85%,1.1,1.2)))))))*IF(D11>=0.8,6,IF(D11<=0.4,1.5,3)) -> 21
B12: Легкая | C12: Отведение ноги назад | D12: 0.3 | E12: 4 | F12: =IF(I12<>0,(IFERROR(IF($Y12>50,MROUND($Y12*I12,2.5),IF($Y12<15,MROUND($Y12*I12,0.1),MROUND($Y12*I12,1))),)),"") -> 1.8 | G12: 12 | H12: 4 | I12: 0.35 | J12: =IF(M12<>0,(IFERROR(IF($Y12>50,MROUND($Y12*M12,2.5),IF($Y12<15,MROUND($Y12*M12,0.1),MROUND($Y12*M12,1))),)),"") | M12: 0 | N12: =IF(Q12<>0,(IFERROR(IF($Y12>50,MROUND($Y12*Q12,2.5),IF($Y12<15,MROUND($Y12*Q12,0.1),MROUND($Y12*Q12,1))),)),"") | Q12: 0 | R12: =IF(U12<>0,(IFERROR(IF($Y12>50,MROUND($Y12*U12,2.5),IF($Y12<15,MROUND($Y12*U12,0.1),MROUND($Y12*U12,1))),)),"") | U12: 0 | V12: =(IF(ISNUMBER(F12),F12,1)*G12*H12+IF(ISNUMBER(J12),J12,1)*K12*L12+IF(ISNUMBER(N12),N12,1)*O12*P12+IF(ISNUMBER(R12),R12,1)*S12*T12)*IF(ISNUMBER(E12),E12,1) -> 345.6 | W12: =IFERROR((IF(ISNUMBER(F12),F12,1)*G12*H12+IF(ISNUMBER(J12),J12,1)*K12*L12+IF(ISNUMBER(N12),N12,1)*O12*P12+IF(ISNUMBER(R12),R12,1)*S12*T12)*IF(ISNUMBER(E12),E12,1)/(G12*H12+K12*L12+O12*P12+S12*T12),0) -> 7.2 | X12: =ROUND(IFERROR((W12/(Y12*IF(ISNUMBER(E12),E12,1))),0),2) -> 0.36 | Y12: 5 | Z12: =(IF(I12<30%,0,IF(I12<35%,F12*G12*H12*F!$B$33,IF(I12<40%,F12*G12*H12*F!$B$38,IF(I12<45%,F12*G12*H12*F!$B$43,IF(I12<50%,F12*G12*H12*F!$B$48,IF(I12=50%,F12*G12*H12*F!$B$50,IF(I12=51%,F12*G12*H12*F!$B$51,IF(I12=52%,F12*G12*H12*F!$B$52,IF(I12=53%,F12*G12*H12*F!$B$53,IF(I12=54%,F12*G12*H12*F!$B$54,IF(I12=55%,F12*G12*H12*F!$B$55,IF(I12=56%,F12*G12*H12*F!$B$56,IF(I12=57%,F12*G12*H12*F!$B$57,IF(I12=58%,F12*G12*H12*F!$B$58,IF(I12=59%,F12*G12*H12*F!$B$59,IF(I12=60%,F12*G12*H12*F!$B$60,IF(I12=61%,F12*G12*H12*F!$B$61,IF(I12=62%,F12*G12*H12*F!$B$62,IF(I12=63%,F12*G12*H12*F!$B$63,IF(I12=64%,F12*G12*H12*F!$B$64,IF(I12=65%,F12*G12*H12*F!$B$65,IF(I12=66%,F12*G12*H12*F!$B$66,IF(I12=67%,F12*G12*H12*F!$B$67,IF(I12=68%,F12*G12*H12*F!$B$68,IF(I12=69%,F12*G12*H12*F!$B$69,IF(I12=70%,F12*G12*H12*F!$B$70,IF(I12=71%,F12*G12*H12*F!$B$71,IF(I12=72%,F12*G12*H12*F!$B$72,IF(I12=73%,F12*G12*H12*F!$B$73,IF(I12=74%,F12*G12*H12*F!$B$74,IF(I12=75%,F12*G12*H12*F!$B$75,IF(I12=76%,F12*G12*H12*F!$B$76,IF(I12=77%,F12*G12*H12*F!$B$77,IF(I12=78%,F12*G12*H12*F!$B$78,IF(I12=79%,F12*G12*H12*F!$B$79,IF(I12=80%,F12*G12*H12*F!$B$80,IF(I12=81%,F12*G12*H12*F!$B$81,IF(I12=82%,F12*G12*H12*F!$B$82,IF(I12=83%,F12*G12*H12*F!$B$83,IF(I12=84%,F12*G12*H12*F!$B$84,IF(I12=85%,F12*G12*H12*F!$B$85,IF(I12=86%,F12*G12*H12*F!$B$86,IF(I12=87%,F12*G12*H12*F!$B$87,IF(I12=88%,F12*G12*H12*F!$B$88,IF(I12=89%,F12*G12*H12*F!$B$89,IF(I12=90%,F12*G12*H12*F!$B$90,IF(I12=91%,F12*G12*H12*F!$B$91,IF(I12=92%,F12*G12*H12*F!$B$92,IF(I12=93%,F12*G12*H12*F!$B$93,IF(I12=94%,F12*G12*H12*F!$B$94,IF(I12=95%,F12*G12*H12*F!$B$95,IF(I12=96%,F12*G12*H12*F!$B$96,IF(I12=97%,F12*G12*H12*F!$B$97,IF(I12=98%,F12*G12*H12*F!$B$98,IF(I12=99%,F12*G12*H12*F!$B$99,IF(I12>99%,F12*G12*H12*F!$B$100,))))))))))))))))))))))))))))))))))))))))))))))))))))))))+IF(M12<30%,0,IF(M12<35%,J12*K12*L12*F!$B$33,IF(M12<40%,J12*K12*L12*F!$B$38,IF(M12<45%,J12*K12*L12*F!$B$43,IF(M12<50%,J12*K12*L12*F!$B$48,IF(M12=50%,J12*K12*L12*F!$B$50,IF(M12=51%,J12*K12*L12*F!$B$51,IF(M12=52%,J12*K12*L12*F!$B$52,IF(M12=53%,J12*K12*L12*F!$B$53,IF(M12=54%,J12*K12*L12*F!$B$54,IF(M12=55%,J12*K12*L12*F!$B$55,IF(M12=56%,J12*K12*L12*F!$B$56,IF(M12=57%,J12*K12*L12*F!$B$57,IF(M12=58%,J12*K12*L12*F!$B$58,IF(M12=59%,J12*K12*L12*F!$B$59,IF(M12=60%,J12*K12*L12*F!$B$60,IF(M12=61%,J12*K12*L12*F!$B$61,IF(M12=62%,J12*K12*L12*F!$B$62,IF(M12=63%,J12*K12*L12*F!$B$63,IF(M12=64%,J12*K12*L12*F!$B$64,IF(M12=65%,J12*K12*L12*F!$B$65,IF(M12=66%,J12*K12*L12*F!$B$66,IF(M12=67%,J12*K12*L12*F!$B$67,IF(M12=68%,J12*K12*L12*F!$B$68,IF(M12=69%,J12*K12*L12*F!$B$69,IF(M12=70%,J12*K12*L12*F!$B$70,IF(M12=71%,J12*K12*L12*F!$B$71,IF(M12=72%,J12*K12*L12*F!$B$72,IF(M12=73%,J12*K12*L12*F!$B$73,IF(M12=74%,J12*K12*L12*F!$B$74,IF(M12=75%,J12*K12*L12*F!$B$75,IF(M12=76%,J12*K12*L12*F!$B$76,IF(M12=77%,J12*K12*L12*F!$B$77,IF(M12=78%,J12*K12*L12*F!$B$78,IF(M12=79%,J12*K12*L12*F!$B$79,IF(M12=80%,J12*K12*L12*F!$B$80,IF(M12=81%,J12*K12*L12*F!$B$81,IF(M12=82%,J12*K12*L12*F!$B$82,IF(M12=83%,J12*K12*L12*F!$B$83,IF(M12=84%,J12*K12*L12*F!$B$84,IF(M12=85%,J12*K12*L12*F!$B$85,IF(M12=86%,J12*K12*L12*F!$B$86,IF(M12=87%,J12*K12*L12*F!$B$87,IF(M12=88%,J12*K12*L12*F!$B$88,IF(M12=89%,J12*K12*L12*F!$B$89,IF(M12=90%,J12*K12*L12*F!$B$90,IF(M12=91%,J12*K12*L12*F!$B$91,IF(M12=92%,J12*K12*L12*F!$B$92,IF(M12=93%,J12*K12*L12*F!$B$93,IF(M12=94%,J12*K12*L12*F!$B$94,IF(M12=95%,J12*K12*L12*F!$B$95,IF(M12=96%,J12*K12*L12*F!$B$96,IF(M12=97%,J12*K12*L12*F!$B$97,IF(M12=98%,J12*K12*L12*F!$B$98,IF(M12=99%,J12*K12*L12*F!$B$99,IF(M12>99%,J12*K12*L12*F!$B$100,))))))))))))))))))))))))))))))))))))))))))))))))))))))))+IF(Q12<30%,0,IF(Q12<35%,N12*O12*P12*F!$B$33,IF(Q12<40%,N12*O12*P12*F!$B$38,IF(Q12<45%,N12*O12*P12*F!$B$43,IF(Q12<50%,N12*O12*P12*F!$B$48,IF(Q12=50%,N12*O12*P12*F!$B$50,IF(Q12=51%,N12*O12*P12*F!$B$51,IF(Q12=52%,N12*O12*P12*F!$B$52,IF(Q12=53%,N12*O12*P12*F!$B$53,IF(Q12=54%,N12*O12*P12*F!$B$54,IF(Q12=55%,N12*O12*P12*F!$B$55,IF(Q12=56%,N12*O12*P12*F!$B$56,IF(Q12=57%,N12*O12*P12*F!$B$57,IF(Q12=58%,N12*O12*P12*F!$B$58,IF(Q12=59%,N12*O12*P12*F!$B$59,IF(Q12=60%,N12*O12*P12*F!$B$60,IF(Q12=61%,N12*O12*P12*F!$B$61,IF(Q12=62%,N12*O12*P12*F!$B$62,IF(Q12=63%,N12*O12*P12*F!$B$63,IF(Q12=64%,N12*O12*P12*F!$B$64,IF(Q12=65%,N12*O12*P12*F!$B$65,IF(Q12=66%,N12*O12*P12*F!$B$66,IF(Q12=67%,N12*O12*P12*F!$B$67,IF(Q12=68%,N12*O12*P12*F!$B$68,IF(Q12=69%,N12*O12*P12*F!$B$69,IF(Q12=70%,N12*O12*P12*F!$B$70,IF(Q12=71%,N12*O12*P12*F!$B$71,IF(Q12=72%,N12*O12*P12*F!$B$72,IF(Q12=73%,N12*O12*P12*F!$B$73,IF(Q12=74%,N12*O12*P12*F!$B$74,IF(Q12=75%,N12*O12*P12*F!$B$75,IF(Q12=76%,N12*O12*P12*F!$B$76,IF(Q12=77%,N12*O12*P12*F!$B$77,IF(Q12=78%,N12*O12*P12*F!$B$78,IF(Q12=79%,N12*O12*P12*F!$B$79,IF(Q12=80%,N12*O12*P12*F!$B$80,IF(Q12=81%,N12*O12*P12*F!$B$81,IF(Q12=82%,N12*O12*P12*F!$B$82,IF(Q12=83%,N12*O12*P12*F!$B$83,IF(Q12=84%,N12*O12*P12*F!$B$84,IF(Q12=85%,N12*O12*P12*F!$B$85,IF(Q12=86%,N12*O12*P12*F!$B$86,IF(Q12=87%,N12*O12*P12*F!$B$87,IF(Q12=88%,N12*O12*P12*F!$B$88,IF(Q12=89%,N12*O12*P12*F!$B$89,IF(Q12=90%,N12*O12*P12*F!$B$90,IF(Q12=91%,N12*O12*P12*F!$B$91,IF(Q12=92%,N12*O12*P12*F!$B$92,IF(Q12=93%,N12*O12*P12*F!$B$93,IF(Q12=94%,N12*O12*P12*F!$B$94,IF(Q12=95%,N12*O12*P12*F!$B$95,IF(Q12=96%,N12*O12*P12*F!$B$96,IF(Q12=97%,N12*O12*P12*F!$B$97,IF(Q12=98%,N12*O12*P12*F!$B$98,IF(Q12=99%,N12*O12*P12*F!$B$99,IF(Q12>99%,N12*O12*P12*F!$B$100,))))))))))))))))))))))))))))))))))))))))))))))))))))))))+IF(U12<30%,0,IF(U12<35%,R12*S12*T12*F!$B$33,IF(U12<40%,R12*S12*T12*F!$B$38,IF(U12<45%,R12*S12*T12*F!$B$43,IF(U12<50%,R12*S12*T12*F!$B$48,IF(U12=50%,R12*S12*T12*F!$B$50,IF(U12=51%,R12*S12*T12*F!$B$51,IF(U12=52%,R12*S12*T12*F!$B$52,IF(U12=53%,R12*S12*T12*F!$B$53,IF(U12=54%,R12*S12*T12*F!$B$54,IF(U12=55%,R12*S12*T12*F!$B$55,IF(U12=56%,R12*S12*T12*F!$B$56,IF(U12=57%,R12*S12*T12*F!$B$57,IF(U12=58%,R12*S12*T12*F!$B$58,IF(U12=59%,R12*S12*T12*F!$B$59,IF(U12=60%,R12*S12*T12*F!$B$60,IF(U12=61%,R12*S12*T12*F!$B$61,IF(U12=62%,R12*S12*T12*F!$B$62,IF(U12=63%,R12*S12*T12*F!$B$63,IF(U12=64%,R12*S12*T12*F!$B$64,IF(U12=65%,R12*S12*T12*F!$B$65,IF(U12=66%,R12*S12*T12*F!$B$66,IF(U12=67%,R12*S12*T12*F!$B$67,IF(U12=68%,R12*S12*T12*F!$B$68,IF(U12=69%,R12*S12*T12*F!$B$69,IF(U12=70%,R12*S12*T12*F!$B$70,IF(U12=71%,R12*S12*T12*F!$B$71,IF(U12=72%,R12*S12*T12*F!$B$72,IF(U12=73%,R12*S12*T12*F!$B$73,IF(U12=74%,R12*S12*T12*F!$B$74,IF(U12=75%,R12*S12*T12*F!$B$75,IF(U12=76%,R12*S12*T12*F!$B$76,IF(U12=77%,R12*S12*T12*F!$B$77,IF(U12=78%,R12*S12*T12*F!$B$78,IF(U12=79%,R12*S12*T12*F!$B$79,IF(U12=80%,R12*S12*T12*F!$B$80,IF(U12=81%,R12*S12*T12*F!$B$81,IF(U12=82%,R12*S12*T12*F!$B$82,IF(U12=83%,R12*S12*T12*F!$B$83,IF(U12=84%,R12*S12*T12*F!$B$84,IF(U12=85%,R12*S12*T12*F!$B$85,IF(U12=86%,R12*S12*T12*F!$B$86,IF(U12=87%,R12*S12*T12*F!$B$87,IF(U12=88%,R12*S12*T12*F!$B$88,IF(U12=89%,R12*S12*T12*F!$B$89,IF(U12=90%,R12*S12*T12*F!$B$90,IF(U12=91%,R12*S12*T12*F!$B$91,IF(U12=92%,R12*S12*T12*F!$B$92,IF(U12=93%,R12*S12*T12*F!$B$93,IF(U12=94%,R12*S12*T12*F!$B$94,IF(U12=95%,R12*S12*T12*F!$B$95,IF(U12=96%,R12*S12*T12*F!$B$96,IF(U12=97%,R12*S12*T12*F!$B$97,IF(U12=98%,R12*S12*T12*F!$B$98,IF(U12=99%,R12*S12*T12*F!$B$99,IF(U12>99%,R12*S12*T12*F!$B$100)))))))))))))))))))))))))))))))))))))))))))))))))))))))))*IF(ISNUMBER(E12),E12,1)*IF(ISNUMBER(D12),D12,1) -> #REF! | AA12: =G12*H12+K12*L12+O12*P12+S12*T12 -> 48 | AB12: =(H12*(IF(I12<45%,0.5,IF(I12<55%,0.8,IF(I12<65%,0.9,IF(I12<75%,1,IF(I12<85%,1.1,1.2))))))+L12*(IF(M12<45%,0.5,IF(M12<55%,0.8,IF(M12<65%,0.9,IF(M12<75%,1,IF(M12<85%,1.1,1.2))))))+P12*(IF(Q12<45%,0.5,IF(Q12<55%,0.8,IF(Q12<65%,0.9,IF(Q12<75%,1,IF(Q12<85%,1.1,1.2))))))+T12*(IF(U12<45%,0.5,IF(U12<55%,0.8,IF(U12<65%,0.9,IF(U12<75%,1,IF(U12<85%,1.1,1.2)))))))*IF(D12>=0.8,6,IF(D12<=0.4,1.5,3)) -> 3
B13: Средняя | C13: Тяга верхнего блока | D13: 0.3 | E13: 4 | F13: =IF(I13<>0,(IFERROR(IF($Y13>50,MROUND($Y13*I13,2.5),IF($Y13<15,MROUND($Y13*I13,0.1),MROUND($Y13*I13,1))),)),"") -> 3.2 | G13: 12 | H13: 1 | I13: 0.4 | J13: =IF(M13<>0,(IFERROR(IF($Y13>50,MROUND($Y13*M13,2.5),IF($Y13<15,MROUND($Y13*M13,0.1),MROUND($Y13*M13,1))),)),"") -> 4.4 | K13: 10 | L13: 3 | M13: 0.55 | N13: =IF(Q13<>0,(IFERROR(IF($Y13>50,MROUND($Y13*Q13,2.5),IF($Y13<15,MROUND($Y13*Q13,0.1),MROUND($Y13*Q13,1))),)),"") | Q13: 0 | R13: =IF(U13<>0,(IFERROR(IF($Y13>50,MROUND($Y13*U13,2.5),IF($Y13<15,MROUND($Y13*U13,0.1),MROUND($Y13*U13,1))),)),"") | U13: 0 | V13: =(IF(ISNUMBER(F13),F13,1)*G13*H13+IF(ISNUMBER(J13),J13,1)*K13*L13+IF(ISNUMBER(N13),N13,1)*O13*P13+IF(ISNUMBER(R13),R13,1)*S13*T13)*IF(ISNUMBER(E13),E13,1) -> 681.6 | W13: =IFERROR((IF(ISNUMBER(F13),F13,1)*G13*H13+IF(ISNUMBER(J13),J13,1)*K13*L13+IF(ISNUMBER(N13),N13,1)*O13*P13+IF(ISNUMBER(R13),R13,1)*S13*T13)*IF(ISNUMBER(E13),E13,1)/(G13*H13+K13*L13+O13*P13+S13*T13),0) -> 16.228571 | X13: =ROUND(IFERROR((W13/(Y13*IF(ISNUMBER(E13),E13,1))),0),2) -> 0.51 | Y13: 8 | Z13: =(IF(I13<30%,0,IF(I13<35%,F13*G13*H13*F!$B$33,IF(I13<40%,F13*G13*H13*F!$B$38,IF(I13<45%,F13*G13*H13*F!$B$43,IF(I13<50%,F13*G13*H13*F!$B$48,IF(I13=50%,F13*G13*H13*F!$B$50,IF(I13=51%,F13*G13*H13*F!$B$51,IF(I13=52%,F13*G13*H13*F!$B$52,IF(I13=53%,F13*G13*H13*F!$B$53,IF(I13=54%,F13*G13*H13*F!$B$54,IF(I13=55%,F13*G13*H13*F!$B$55,IF(I13=56%,F13*G13*H13*F!$B$56,IF(I13=57%,F13*G13*H13*F!$B$57,IF(I13=58%,F13*G13*H13*F!$B$58,IF(I13=59%,F13*G13*H13*F!$B$59,IF(I13=60%,F13*G13*H13*F!$B$60,IF(I13=61%,F13*G13*H13*F!$B$61,IF(I13=62%,F13*G13*H13*F!$B$62,IF(I13=63%,F13*G13*H13*F!$B$63,IF(I13=64%,F13*G13*H13*F!$B$64,IF(I13=65%,F13*G13*H13*F!$B$65,IF(I13=66%,F13*G13*H13*F!$B$66,IF(I13=67%,F13*G13*H13*F!$B$67,IF(I13=68%,F13*G13*H13*F!$B$68,IF(I13=69%,F13*G13*H13*F!$B$69,IF(I13=70%,F13*G13*H13*F!$B$70,IF(I13=71%,F13*G13*H13*F!$B$71,IF(I13=72%,F13*G13*H13*F!$B$72,IF(I13=73%,F13*G13*H13*F!$B$73,IF(I13=74%,F13*G13*H13*F!$B$74,IF(I13=75%,F13*G13*H13*F!$B$75,IF(I13=76%,F13*G13*H13*F!$B$76,IF(I13=77%,F13*G13*H13*F!$B$77,IF(I13=78%,F13*G13*H13*F!$B$78,IF(I13=79%,F13*G13*H13*F!$B$79,IF(I13=80%,F13*G13*H13*F!$B$80,IF(I13=81%,F13*G13*H13*F!$B$81,IF(I13=82%,F13*G13*H13*F!$B$82,IF(I13=83%,F13*G13*H13*F!$B$83,IF(I13=84%,F13*G13*H13*F!$B$84,IF(I13=85%,F13*G13*H13*F!$B$85,IF(I13=86%,F13*G13*H13*F!$B$86,IF(I13=87%,F13*G13*H13*F!$B$87,IF(I13=88%,F13*G13*H13*F!$B$88,IF(I13=89%,F13*G13*H13*F!$B$89,IF(I13=90%,F13*G13*H13*F!$B$90,IF(I13=91%,F13*G13*H13*F!$B$91,IF(I13=92%,F13*G13*H13*F!$B$92,IF(I13=93%,F13*G13*H13*F!$B$93,IF(I13=94%,F13*G13*H13*F!$B$94,IF(I13=95%,F13*G13*H13*F!$B$95,IF(I13=96%,F13*G13*H13*F!$B$96,IF(I13=97%,F13*G13*H13*F!$B$97,IF(I13=98%,F13*G13*H13*F!$B$98,IF(I13=99%,F13*G13*H13*F!$B$99,IF(I13>99%,F13*G13*H13*F!$B$100,))))))))))))))))))))))))))))))))))))))))))))))))))))))))+IF(M13<30%,0,IF(M13<35%,J13*K13*L13*F!$B$33,IF(M13<40%,J13*K13*L13*F!$B$38,IF(M13<45%,J13*K13*L13*F!$B$43,IF(M13<50%,J13*K13*L13*F!$B$48,IF(M13=50%,J13*K13*L13*F!$B$50,IF(M13=51%,J13*K13*L13*F!$B$51,IF(M13=52%,J13*K13*L13*F!$B$52,IF(M13=53%,J13*K13*L13*F!$B$53,IF(M13=54%,J13*K13*L13*F!$B$54,IF(M13=55%,J13*K13*L13*F!$B$55,IF(M13=56%,J13*K13*L13*F!$B$56,IF(M13=57%,J13*K13*L13*F!$B$57,IF(M13=58%,J13*K13*L13*F!$B$58,IF(M13=59%,J13*K13*L13*F!$B$59,IF(M13=60%,J13*K13*L13*F!$B$60,IF(M13=61%,J13*K13*L13*F!$B$61,IF(M13=62%,J13*K13*L13*F!$B$62,IF(M13=63%,J13*K13*L13*F!$B$63,IF(M13=64%,J13*K13*L13*F!$B$64,IF(M13=65%,J13*K13*L13*F!$B$65,IF(M13=66%,J13*K13*L13*F!$B$66,IF(M13=67%,J13*K13*L13*F!$B$67,IF(M13=68%,J13*K13*L13*F!$B$68,IF(M13=69%,J13*K13*L13*F!$B$69,IF(M13=70%,J13*K13*L13*F!$B$70,IF(M13=71%,J13*K13*L13*F!$B$71,IF(M13=72%,J13*K13*L13*F!$B$72,IF(M13=73%,J13*K13*L13*F!$B$73,IF(M13=74%,J13*K13*L13*F!$B$74,IF(M13=75%,J13*K13*L13*F!$B$75,IF(M13=76%,J13*K13*L13*F!$B$76,IF(M13=77%,J13*K13*L13*F!$B$77,IF(M13=78%,J13*K13*L13*F!$B$78,IF(M13=79%,J13*K13*L13*F!$B$79,IF(M13=80%,J13*K13*L13*F!$B$80,IF(M13=81%,J13*K13*L13*F!$B$81,IF(M13=82%,J13*K13*L13*F!$B$82,IF(M13=83%,J13*K13*L13*F!$B$83,IF(M13=84%,J13*K13*L13*F!$B$84,IF(M13=85%,J13*K13*L13*F!$B$85,IF(M13=86%,J13*K13*L13*F!$B$86,IF(M13=87%,J13*K13*L13*F!$B$87,IF(M13=88%,J13*K13*L13*F!$B$88,IF(M13=89%,J13*K13*L13*F!$B$89,IF(M13=90%,J13*K13*L13*F!$B$90,IF(M13=91%,J13*K13*L13*F!$B$91,IF(M13=92%,J13*K13*L13*F!$B$92,IF(M13=93%,J13*K13*L13*F!$B$93,IF(M13=94%,J13*K13*L13*F!$B$94,IF(M13=95%,J13*K13*L13*F!$B$95,IF(M13=96%,J13*K13*L13*F!$B$96,IF(M13=97%,J13*K13*L13*F!$B$97,IF(M13=98%,J13*K13*L13*F!$B$98,IF(M13=99%,J13*K13*L13*F!$B$99,IF(M13>99%,J13*K13*L13*F!$B$100,))))))))))))))))))))))))))))))))))))))))))))))))))))))))+IF(Q13<30%,0,IF(Q13<35%,N13*O13*P13*F!$B$33,IF(Q13<40%,N13*O13*P13*F!$B$38,IF(Q13<45%,N13*O13*P13*F!$B$43,IF(Q13<50%,N13*O13*P13*F!$B$48,IF(Q13=50%,N13*O13*P13*F!$B$50,IF(Q13=51%,N13*O13*P13*F!$B$51,IF(Q13=52%,N13*O13*P13*F!$B$52,IF(Q13=53%,N13*O13*P13*F!$B$53,IF(Q13=54%,N13*O13*P13*F!$B$54,IF(Q13=55%,N13*O13*P13*F!$B$55,IF(Q13=56%,N13*O13*P13*F!$B$56,IF(Q13=57%,N13*O13*P13*F!$B$57,IF(Q13=58%,N13*O13*P13*F!$B$58,IF(Q13=59%,N13*O13*P13*F!$B$59,IF(Q13=60%,N13*O13*P13*F!$B$60,IF(Q13=61%,N13*O13*P13*F!$B$61,IF(Q13=62%,N13*O13*P13*F!$B$62,IF(Q13=63%,N13*O13*P13*F!$B$63,IF(Q13=64%,N13*O13*P13*F!$B$64,IF(Q13=65%,N13*O13*P13*F!$B$65,IF(Q13=66%,N13*O13*P13*F!$B$66,IF(Q13=67%,N13*O13*P13*F!$B$67,IF(Q13=68%,N13*O13*P13*F!$B$68,IF(Q13=69%,N13*O13*P13*F!$B$69,IF(Q13=70%,N13*O13*P13*F!$B$70,IF(Q13=71%,N13*O13*P13*F!$B$71,IF(Q13=72%,N13*O13*P13*F!$B$72,IF(Q13=73%,N13*O13*P13*F!$B$73,IF(Q13=74%,N13*O13*P13*F!$B$74,IF(Q13=75%,N13*O13*P13*F!$B$75,IF(Q13=76%,N13*O13*P13*F!$B$76,IF(Q13=77%,N13*O13*P13*F!$B$77,IF(Q13=78%,N13*O13*P13*F!$B$78,IF(Q13=79%,N13*O13*P13*F!$B$79,IF(Q13=80%,N13*O13*P13*F!$B$80,IF(Q13=81%,N13*O13*P13*F!$B$81,IF(Q13=82%,N13*O13*P13*F!$B$82,IF(Q13=83%,N13*O13*P13*F!$B$83,IF(Q13=84%,N13*O13*P13*F!$B$84,IF(Q13=85%,N13*O13*P13*F!$B$85,IF(Q13=86%,N13*O13*P13*F!$B$86,IF(Q13=87%,N13*O13*P13*F!$B$87,IF(Q13=88%,N13*O13*P13*F!$B$88,IF(Q13=89%,N13*O13*P13*F!$B$89,IF(Q13=90%,N13*O13*P13*F!$B$90,IF(Q13=91%,N13*O13*P13*F!$B$91,IF(Q13=92%,N13*O13*P13*F!$B$92,IF(Q13=93%,N13*O13*P13*F!$B$93,IF(Q13=94%,N13*O13*P13*F!$B$94,IF(Q13=95%,N13*O13*P13*F!$B$95,IF(Q13=96%,N13*O13*P13*F!$B$96,IF(Q13=97%,N13*O13*P13*F!$B$97,IF(Q13=98%,N13*O13*P13*F!$B$98,IF(Q13=99%,N13*O13*P13*F!$B$99,IF(Q13>99%,N13*O13*P13*F!$B$100,))))))))))))))))))))))))))))))))))))))))))))))))))))))))+IF(U13<30%,0,IF(U13<35%,R13*S13*T13*F!$B$33,IF(U13<40%,R13*S13*T13*F!$B$38,IF(U13<45%,R13*S13*T13*F!$B$43,IF(U13<50%,R13*S13*T13*F!$B$48,IF(U13=50%,R13*S13*T13*F!$B$50,IF(U13=51%,R13*S13*T13*F!$B$51,IF(U13=52%,R13*S13*T13*F!$B$52,IF(U13=53%,R13*S13*T13*F!$B$53,IF(U13=54%,R13*S13*T13*F!$B$54,IF(U13=55%,R13*S13*T13*F!$B$55,IF(U13=56%,R13*S13*T13*F!$B$56,IF(U13=57%,R13*S13*T13*F!$B$57,IF(U13=58%,R13*S13*T13*F!$B$58,IF(U13=59%,R13*S13*T13*F!$B$59,IF(U13=60%,R13*S13*T13*F!$B$60,IF(U13=61%,R13*S13*T13*F!$B$61,IF(U13=62%,R13*S13*T13*F!$B$62,IF(U13=63%,R13*S13*T13*F!$B$63,IF(U13=64%,R13*S13*T13*F!$B$64,IF(U13=65%,R13*S13*T13*F!$B$65,IF(U13=66%,R13*S13*T13*F!$B$66,IF(U13=67%,R13*S13*T13*F!$B$67,IF(U13=68%,R13*S13*T13*F!$B$68,IF(U13=69%,R13*S13*T13*F!$B$69,IF(U13=70%,R13*S13*T13*F!$B$70,IF(U13=71%,R13*S13*T13*F!$B$71,IF(U13=72%,R13*S13*T13*F!$B$72,IF(U13=73%,R13*S13*T13*F!$B$73,IF(U13=74%,R13*S13*T13*F!$B$74,IF(U13=75%,R13*S13*T13*F!$B$75,IF(U13=76%,R13*S13*T13*F!$B$76,IF(U13=77%,R13*S13*T13*F!$B$77,IF(U13=78%,R13*S13*T13*F!$B$78,IF(U13=79%,R13*S13*T13*F!$B$79,IF(U13=80%,R13*S13*T13*F!$B$80,IF(U13=81%,R13*S13*T13*F!$B$81,IF(U13=82%,R13*S13*T13*F!$B$82,IF(U13=83%,R13*S13*T13*F!$B$83,IF(U13=84%,R13*S13*T13*F!$B$84,IF(U13=85%,R13*S13*T13*F!$B$85,IF(U13=86%,R13*S13*T13*F!$B$86,IF(U13=87%,R13*S13*T13*F!$B$87,IF(U13=88%,R13*S13*T13*F!$B$88,IF(U13=89%,R13*S13*T13*F!$B$89,IF(U13=90%,R13*S13*T13*F!$B$90,IF(U13=91%,R13*S13*T13*F!$B$91,IF(U13=92%,R13*S13*T13*F!$B$92,IF(U13=93%,R13*S13*T13*F!$B$93,IF(U13=94%,R13*S13*T13*F!$B$94,IF(U13=95%,R13*S13*T13*F!$B$95,IF(U13=96%,R13*S13*T13*F!$B$96,IF(U13=97%,R13*S13*T13*F!$B$97,IF(U13=98%,R13*S13*T13*F!$B$98,IF(U13=99%,R13*S13*T13*F!$B$99,IF(U13>99%,R13*S13*T13*F!$B$100)))))))))))))))))))))))))))))))))))))))))))))))))))))))))*IF(ISNUMBER(E13),E13,1)*IF(ISNUMBER(D13),D13,1) -> #REF! | AA13: =G13*H13+K13*L13+O13*P13+S13*T13 -> 42 | AB13: =(H13*(IF(I13<45%,0.5,IF(I13<55%,0.8,IF(I13<65%,0.9,IF(I13<75%,1,IF(I13<85%,1.1,1.2))))))+L13*(IF(M13<45%,0.5,IF(M13<55%,0.8,IF(M13<65%,0.9,IF(M13<75%,1,IF(M13<85%,1.1,1.2))))))+P13*(IF(Q13<45%,0.5,IF(Q13<55%,0.8,IF(Q13<65%,0.9,IF(Q13<75%,1,IF(Q13<85%,1.1,1.2))))))+T13*(IF(U13<45%,0.5,IF(U13<55%,0.8,IF(U13<65%,0.9,IF(U13<75%,1,IF(U13<85%,1.1,1.2)))))))*IF(D13>=0.8,6,IF(D13<=0.4,1.5,3)) -> 4.8
B14: Тяжелая | C14: Тяга горизонтального блока | D14: 0.3 | E14: 4 | F14: =IF(I14<>0,(IFERROR(IF($Y14>50,MROUND($Y14*I14,2.5),IF($Y14<15,MROUND($Y14*I14,0.1),MROUND($Y14*I14,1))),)),"") -> 4.1 | G14: 12 | H14: 1 | I14: 0.45 | J14: =IF(M14<>0,(IFERROR(IF($Y14>50,MROUND($Y14*M14,2.5),IF($Y14<15,MROUND($Y14*M14,0.1),MROUND($Y14*M14,1))),)),"") -> 5.4 | K14: 10 | L14: 1 | M14: 0.6 | N14: =IF(Q14<>0,(IFERROR(IF($Y14>50,MROUND($Y14*Q14,2.5),IF($Y14<15,MROUND($Y14*Q14,0.1),MROUND($Y14*Q14,1))),)),"") -> 6.1 | O14: 10 | P14: 2 | Q14: 0.68 | R14: =IF(U14<>0,(IFERROR(IF($Y14>50,MROUND($Y14*U14,2.5),IF($Y14<15,MROUND($Y14*U14,0.1),MROUND($Y14*U14,1))),)),"") | U14: 0 | V14: =(IF(ISNUMBER(F14),F14,1)*G14*H14+IF(ISNUMBER(J14),J14,1)*K14*L14+IF(ISNUMBER(N14),N14,1)*O14*P14+IF(ISNUMBER(R14),R14,1)*S14*T14)*IF(ISNUMBER(E14),E14,1) -> 900.8 | W14: =IFERROR((IF(ISNUMBER(F14),F14,1)*G14*H14+IF(ISNUMBER(J14),J14,1)*K14*L14+IF(ISNUMBER(N14),N14,1)*O14*P14+IF(ISNUMBER(R14),R14,1)*S14*T14)*IF(ISNUMBER(E14),E14,1)/(G14*H14+K14*L14+O14*P14+S14*T14),0) -> 21.447619 | X14: =ROUND(IFERROR((W14/(Y14*IF(ISNUMBER(E14),E14,1))),0),2) -> 0.6 | Y14: 9 | Z14: =(IF(I14<30%,0,IF(I14<35%,F14*G14*H14*F!$B$33,IF(I14<40%,F14*G14*H14*F!$B$38,IF(I14<45%,F14*G14*H14*F!$B$43,IF(I14<50%,F14*G14*H14*F!$B$48,IF(I14=50%,F14*G14*H14*F!$B$50,IF(I14=51%,F14*G14*H14*F!$B$51,IF(I14=52%,F14*G14*H14*F!$B$52,IF(I14=53%,F14*G14*H14*F!$B$53,IF(I14=54%,F14*G14*H14*F!$B$54,IF(I14=55%,F14*G14*H14*F!$B$55,IF(I14=56%,F14*G14*H14*F!$B$56,IF(I14=57%,F14*G14*H14*F!$B$57,IF(I14=58%,F14*G14*H14*F!$B$58,IF(I14=59%,F14*G14*H14*F!$B$59,IF(I14=60%,F14*G14*H14*F!$B$60,IF(I14=61%,F14*G14*H14*F!$B$61,IF(I14=62%,F14*G14*H14*F!$B$62,IF(I14=63%,F14*G14*H14*F!$B$63,IF(I14=64%,F14*G14*H14*F!$B$64,IF(I14=65%,F14*G14*H14*F!$B$65,IF(I14=66%,F14*G14*H14*F!$B$66,IF(I14=67%,F14*G14*H14*F!$B$67,IF(I14=68%,F14*G14*H14*F!$B$68,IF(I14=69%,F14*G14*H14*F!$B$69,IF(I14=70%,F14*G14*H14*F!$B$70,IF(I14=71%,F14*G14*H14*F!$B$71,IF(I14=72%,F14*G14*H14*F!$B$72,IF(I14=73%,F14*G14*H14*F!$B$73,IF(I14=74%,F14*G14*H14*F!$B$74,IF(I14=75%,F14*G14*H14*F!$B$75,IF(I14=76%,F14*G14*H14*F!$B$76,IF(I14=77%,F14*G14*H14*F!$B$77,IF(I14=78%,F14*G14*H14*F!$B$78,IF(I14=79%,F14*G14*H14*F!$B$79,IF(I14=80%,F14*G14*H14*F!$B$80,IF(I14=81%,F14*G14*H14*F!$B$81,IF(I14=82%,F14*G14*H14*F!$B$82,IF(I14=83%,F14*G14*H14*F!$B$83,IF(I14=84%,F14*G14*H14*F!$B$84,IF(I14=85%,F14*G14*H14*F!$B$85,IF(I14=86%,F14*G14*H14*F!$B$86,IF(I14=87%,F14*G14*H14*F!$B$87,IF(I14=88%,F14*G14*H14*F!$B$88,IF(I14=89%,F14*G14*H14*F!$B$89,IF(I14=90%,F14*G14*H14*F!$B$90,IF(I14=91%,F14*G14*H14*F!$B$91,IF(I14=92%,F14*G14*H14*F!$B$92,IF(I14=93%,F14*G14*H14*F!$B$93,IF(I14=94%,F14*G14*H14*F!$B$94,IF(I14=95%,F14*G14*H14*F!$B$95,IF(I14=96%,F14*G14*H14*F!$B$96,IF(I14=97%,F14*G14*H14*F!$B$97,IF(I14=98%,F14*G14*H14*F!$B$98,IF(I14=99%,F14*G14*H14*F!$B$99,IF(I14>99%,F14*G14*H14*F!$B$100,))))))))))))))))))))))))))))))))))))))))))))))))))))))))+IF(M14<30%,0,IF(M14<35%,J14*K14*L14*F!$B$33,IF(M14<40%,J14*K14*L14*F!$B$38,IF(M14<45%,J14*K14*L14*F!$B$43,IF(M14<50%,J14*K14*L14*F!$B$48,IF(M14=50%,J14*K14*L14*F!$B$50,IF(M14=51%,J14*K14*L14*F!$B$51,IF(M14=52%,J14*K14*L14*F!$B$52,IF(M14=53%,J14*K14*L14*F!$B$53,IF(M14=54%,J14*K14*L14*F!$B$54,IF(M14=55%,J14*K14*L14*F!$B$55,IF(M14=56%,J14*K14*L14*F!$B$56,IF(M14=57%,J14*K14*L14*F!$B$57,IF(M14=58%,J14*K14*L14*F!$B$58,IF(M14=59%,J14*K14*L14*F!$B$59,IF(M14=60%,J14*K14*L14*F!$B$60,IF(M14=61%,J14*K14*L14*F!$B$61,IF(M14=62%,J14*K14*L14*F!$B$62,IF(M14=63%,J14*K14*L14*F!$B$63,IF(M14=64%,J14*K14*L14*F!$B$64,IF(M14=65%,J14*K14*L14*F!$B$65,IF(M14=66%,J14*K14*L14*F!$B$66,IF(M14=67%,J14*K14*L14*F!$B$67,IF(M14=68%,J14*K14*L14*F!$B$68,IF(M14=69%,J14*K14*L14*F!$B$69,IF(M14=70%,J14*K14*L14*F!$B$70,IF(M14=71%,J14*K14*L14*F!$B$71,IF(M14=72%,J14*K14*L14*F!$B$72,IF(M14=73%,J14*K14*L14*F!$B$73,IF(M14=74%,J14*K14*L14*F!$B$74,IF(M14=75%,J14*K14*L14*F!$B$75,IF(M14=76%,J14*K14*L14*F!$B$76,IF(M14=77%,J14*K14*L14*F!$B$77,IF(M14=78%,J14*K14*L14*F!$B$78,IF(M14=79%,J14*K14*L14*F!$B$79,IF(M14=80%,J14*K14*L14*F!$B$80,IF(M14=81%,J14*K14*L14*F!$B$81,IF(M14=82%,J14*K14*L14*F!$B$82,IF(M14=83%,J14*K14*L14*F!$B$83,IF(M14=84%,J14*K14*L14*F!$B$84,IF(M14=85%,J14*K14*L14*F!$B$85,IF(M14=86%,J14*K14*L14*F!$B$86,IF(M14=87%,J14*K14*L14*F!$B$87,IF(M14=88%,J14*K14*L14*F!$B$88,IF(M14=89%,J14*K14*L14*F!$B$89,IF(M14=90%,J14*K14*L14*F!$B$90,IF(M14=91%,J14*K14*L14*F!$B$91,IF(M14=92%,J14*K14*L14*F!$B$92,IF(M14=93%,J14*K14*L14*F!$B$93,IF(M14=94%,J14*K14*L14*F!$B$94,IF(M14=95%,J14*K14*L14*F!$B$95,IF(M14=96%,J14*K14*L14*F!$B$96,IF(M14=97%,J14*K14*L14*F!$B$97,IF(M14=98%,J14*K14*L14*F!$B$98,IF(M14=99%,J14*K14*L14*F!$B$99,IF(M14>99%,J14*K14*L14*F!$B$100,))))))))))))))))))))))))))))))))))))))))))))))))))))))))+IF(Q14<30%,0,IF(Q14<35%,N14*O14*P14*F!$B$33,IF(Q14<40%,N14*O14*P14*F!$B$38,IF(Q14<45%,N14*O14*P14*F!$B$43,IF(Q14<50%,N14*O14*P14*F!$B$48,IF(Q14=50%,N14*O14*P14*F!$B$50,IF(Q14=51%,N14*O14*P14*F!$B$51,IF(Q14=52%,N14*O14*P14*F!$B$52,IF(Q14=53%,N14*O14*P14*F!$B$53,IF(Q14=54%,N14*O14*P14*F!$B$54,IF(Q14=55%,N14*O14*P14*F!$B$55,IF(Q14=56%,N14*O14*P14*F!$B$56,IF(Q14=57%,N14*O14*P14*F!$B$57,IF(Q14=58%,N14*O14*P14*F!$B$58,IF(Q14=59%,N14*O14*P14*F!$B$59,IF(Q14=60%,N14*O14*P14*F!$B$60,IF(Q14=61%,N14*O14*P14*F!$B$61,IF(Q14=62%,N14*O14*P14*F!$B$62,IF(Q14=63%,N14*O14*P14*F!$B$63,IF(Q14=64%,N14*O14*P14*F!$B$64,IF(Q14=65%,N14*O14*P14*F!$B$65,IF(Q14=66%,N14*O14*P14*F!$B$66,IF(Q14=67%,N14*O14*P14*F!$B$67,IF(Q14=68%,N14*O14*P14*F!$B$68,IF(Q14=69%,N14*O14*P14*F!$B$69,IF(Q14=70%,N14*O14*P14*F!$B$70,IF(Q14=71%,N14*O14*P14*F!$B$71,IF(Q14=72%,N14*O14*P14*F!$B$72,IF(Q14=73%,N14*O14*P14*F!$B$73,IF(Q14=74%,N14*O14*P14*F!$B$74,IF(Q14=75%,N14*O14*P14*F!$B$75,IF(Q14=76%,N14*O14*P14*F!$B$76,IF(Q14=77%,N14*O14*P14*F!$B$77,IF(Q14=78%,N14*O14*P14*F!$B$78,IF(Q14=79%,N14*O14*P14*F!$B$79,IF(Q14=80%,N14*O14*P14*F!$B$80,IF(Q14=81%,N14*O14*P14*F!$B$81,IF(Q14=82%,N14*O14*P14*F!$B$82,IF(Q14=83%,N14*O14*P14*F!$B$83,IF(Q14=84%,N14*O14*P14*F!$B$84,IF(Q14=85%,N14*O14*P14*F!$B$85,IF(Q14=86%,N14*O14*P14*F!$B$86,IF(Q14=87%,N14*O14*P14*F!$B$87,IF(Q14=88%,N14*O14*P14*F!$B$88,IF(Q14=89%,N14*O14*P14*F!$B$89,IF(Q14=90%,N14*O14*P14*F!$B$90,IF(Q14=91%,N14*O14*P14*F!$B$91,IF(Q14=92%,N14*O14*P14*F!$B$92,IF(Q14=93%,N14*O14*P14*F!$B$93,IF(Q14=94%,N14*O14*P14*F!$B$94,IF(Q14=95%,N14*O14*P14*F!$B$95,IF(Q14=96%,N14*O14*P14*F!$B$96,IF(Q14=97%,N14*O14*P14*F!$B$97,IF(Q14=98%,N14*O14*P14*F!$B$98,IF(Q14=99%,N14*O14*P14*F!$B$99,IF(Q14>99%,N14*O14*P14*F!$B$100,))))))))))))))))))))))))))))))))))))))))))))))))))))))))+IF(U14<30%,0,IF(U14<35%,R14*S14*T14*F!$B$33,IF(U14<40%,R14*S14*T14*F!$B$38,IF(U14<45%,R14*S14*T14*F!$B$43,IF(U14<50%,R14*S14*T14*F!$B$48,IF(U14=50%,R14*S14*T14*F!$B$50,IF(U14=51%,R14*S14*T14*F!$B$51,IF(U14=52%,R14*S14*T14*F!$B$52,IF(U14=53%,R14*S14*T14*F!$B$53,IF(U14=54%,R14*S14*T14*F!$B$54,IF(U14=55%,R14*S14*T14*F!$B$55,IF(U14=56%,R14*S14*T14*F!$B$56,IF(U14=57%,R14*S14*T14*F!$B$57,IF(U14=58%,R14*S14*T14*F!$B$58,IF(U14=59%,R14*S14*T14*F!$B$59,IF(U14=60%,R14*S14*T14*F!$B$60,IF(U14=61%,R14*S14*T14*F!$B$61,IF(U14=62%,R14*S14*T14*F!$B$62,IF(U14=63%,R14*S14*T14*F!$B$63,IF(U14=64%,R14*S14*T14*F!$B$64,IF(U14=65%,R14*S14*T14*F!$B$65,IF(U14=66%,R14*S14*T14*F!$B$66,IF(U14=67%,R14*S14*T14*F!$B$67,IF(U14=68%,R14*S14*T14*F!$B$68,IF(U14=69%,R14*S14*T14*F!$B$69,IF(U14=70%,R14*S14*T14*F!$B$70,IF(U14=71%,R14*S14*T14*F!$B$71,IF(U14=72%,R14*S14*T14*F!$B$72,IF(U14=73%,R14*S14*T14*F!$B$73,IF(U14=74%,R14*S14*T14*F!$B$74,IF(U14=75%,R14*S14*T14*F!$B$75,IF(U14=76%,R14*S14*T14*F!$B$76,IF(U14=77%,R14*S14*T14*F!$B$77,IF(U14=78%,R14*S14*T14*F!$B$78,IF(U14=79%,R14*S14*T14*F!$B$79,IF(U14=80%,R14*S14*T14*F!$B$80,IF(U14=81%,R14*S14*T14*F!$B$81,IF(U14=82%,R14*S14*T14*F!$B$82,IF(U14=83%,R14*S14*T14*F!$B$83,IF(U14=84%,R14*S14*T14*F!$B$84,IF(U14=85%,R14*S14*T14*F!$B$85,IF(U14=86%,R14*S14*T14*F!$B$86,IF(U14=87%,R14*S14*T14*F!$B$87,IF(U14=88%,R14*S14*T14*F!$B$88,IF(U14=89%,R14*S14*T14*F!$B$89,IF(U14=90%,R14*S14*T14*F!$B$90,IF(U14=91%,R14*S14*T14*F!$B$91,IF(U14=92%,R14*S14*T14*F!$B$92,IF(U14=93%,R14*S14*T14*F!$B$93,IF(U14=94%,R14*S14*T14*F!$B$94,IF(U14=95%,R14*S14*T14*F!$B$95,IF(U14=96%,R14*S14*T14*F!$B$96,IF(U14=97%,R14*S14*T14*F!$B$97,IF(U14=98%,R14*S14*T14*F!$B$98,IF(U14=99%,R14*S14*T14*F!$B$99,IF(U14>99%,R14*S14*T14*F!$B$100)))))))))))))))))))))))))))))))))))))))))))))))))))))))))*IF(ISNUMBER(E14),E14,1)*IF(ISNUMBER(D14),D14,1) -> #REF! | AA14: =G14*H14+K14*L14+O14*P14+S14*T14 -> 42 | AB14: =(H14*(IF(I14<45%,0.5,IF(I14<55%,0.8,IF(I14<65%,0.9,IF(I14<75%,1,IF(I14<85%,1.1,1.2))))))+L14*(IF(M14<45%,0.5,IF(M14<55%,0.8,IF(M14<65%,0.9,IF(M14<75%,1,IF(M14<85%,1.1,1.2))))))+P14*(IF(Q14<45%,0.5,IF(Q14<55%,0.8,IF(Q14<65%,0.9,IF(Q14<75%,1,IF(Q14<85%,1.1,1.2))))))+T14*(IF(U14<45%,0.5,IF(U14<55%,0.8,IF(U14<65%,0.9,IF(U14<75%,1,IF(U14<85%,1.1,1.2)))))))*IF(D14>=0.8,6,IF(D14<=0.4,1.5,3)) -> 5.55
B15: Легкая | C15: Разведения в тренажёре на заднюю дельту | D15: 0.3 | E15: 4 | F15: =IF(I15<>0,(IFERROR(IF($Y15>50,MROUND($Y15*I15,2.5),IF($Y15<15,MROUND($Y15*I15,0.1),MROUND($Y15*I15,1))),)),"") -> 1.3 | G15: 12 | H15: 4 | I15: 0.32 | J15: =IF(M15<>0,(IFERROR(IF($Y15>50,MROUND($Y15*M15,2.5),IF($Y15<15,MROUND($Y15*M15,0.1),MROUND($Y15*M15,1))),)),"") | M15: 0 | N15: =IF(Q15<>0,(IFERROR(IF($Y15>50,MROUND($Y15*Q15,2.5),IF($Y15<15,MROUND($Y15*Q15,0.1),MROUND($Y15*Q15,1))),)),"") | Q15: 0 | R15: =IF(U15<>0,(IFERROR(IF($Y15>50,MROUND($Y15*U15,2.5),IF($Y15<15,MROUND($Y15*U15,0.1),MROUND($Y15*U15,1))),)),"") | U15: 0 | V15: =(IF(ISNUMBER(F15),F15,1)*G15*H15+IF(ISNUMBER(J15),J15,1)*K15*L15+IF(ISNUMBER(N15),N15,1)*O15*P15+IF(ISNUMBER(R15),R15,1)*S15*T15)*IF(ISNUMBER(E15),E15,1) -> 249.6 | W15: =IFERROR((IF(ISNUMBER(F15),F15,1)*G15*H15+IF(ISNUMBER(J15),J15,1)*K15*L15+IF(ISNUMBER(N15),N15,1)*O15*P15+IF(ISNUMBER(R15),R15,1)*S15*T15)*IF(ISNUMBER(E15),E15,1)/(G15*H15+K15*L15+O15*P15+S15*T15),0) -> 5.2 | X15: =ROUND(IFERROR((W15/(Y15*IF(ISNUMBER(E15),E15,1))),0),2) -> 0.33 | Y15: 4 | Z15: =(IF(I15<30%,0,IF(I15<35%,F15*G15*H15*F!$B$33,IF(I15<40%,F15*G15*H15*F!$B$38,IF(I15<45%,F15*G15*H15*F!$B$43,IF(I15<50%,F15*G15*H15*F!$B$48,IF(I15=50%,F15*G15*H15*F!$B$50,IF(I15=51%,F15*G15*H15*F!$B$51,IF(I15=52%,F15*G15*H15*F!$B$52,IF(I15=53%,F15*G15*H15*F!$B$53,IF(I15=54%,F15*G15*H15*F!$B$54,IF(I15=55%,F15*G15*H15*F!$B$55,IF(I15=56%,F15*G15*H15*F!$B$56,IF(I15=57%,F15*G15*H15*F!$B$57,IF(I15=58%,F15*G15*H15*F!$B$58,IF(I15=59%,F15*G15*H15*F!$B$59,IF(I15=60%,F15*G15*H15*F!$B$60,IF(I15=61%,F15*G15*H15*F!$B$61,IF(I15=62%,F15*G15*H15*F!$B$62,IF(I15=63%,F15*G15*H15*F!$B$63,IF(I15=64%,F15*G15*H15*F!$B$64,IF(I15=65%,F15*G15*H15*F!$B$65,IF(I15=66%,F15*G15*H15*F!$B$66,IF(I15=67%,F15*G15*H15*F!$B$67,IF(I15=68%,F15*G15*H15*F!$B$68,IF(I15=69%,F15*G15*H15*F!$B$69,IF(I15=70%,F15*G15*H15*F!$B$70,IF(I15=71%,F15*G15*H15*F!$B$71,IF(I15=72%,F15*G15*H15*F!$B$72,IF(I15=73%,F15*G15*H15*F!$B$73,IF(I15=74%,F15*G15*H15*F!$B$74,IF(I15=75%,F15*G15*H15*F!$B$75,IF(I15=76%,F15*G15*H15*F!$B$76,IF(I15=77%,F15*G15*H15*F!$B$77,IF(I15=78%,F15*G15*H15*F!$B$78,IF(I15=79%,F15*G15*H15*F!$B$79,IF(I15=80%,F15*G15*H15*F!$B$80,IF(I15=81%,F15*G15*H15*F!$B$81,IF(I15=82%,F15*G15*H15*F!$B$82,IF(I15=83%,F15*G15*H15*F!$B$83,IF(I15=84%,F15*G15*H15*F!$B$84,IF(I15=85%,F15*G15*H15*F!$B$85,IF(I15=86%,F15*G15*H15*F!$B$86,IF(I15=87%,F15*G15*H15*F!$B$87,IF(I15=88%,F15*G15*H15*F!$B$88,IF(I15=89%,F15*G15*H15*F!$B$89,IF(I15=90%,F15*G15*H15*F!$B$90,IF(I15=91%,F15*G15*H15*F!$B$91,IF(I15=92%,F15*G15*H15*F!$B$92,IF(I15=93%,F15*G15*H15*F!$B$93,IF(I15=94%,F15*G15*H15*F!$B$94,IF(I15=95%,F15*G15*H15*F!$B$95,IF(I15=96%,F15*G15*H15*F!$B$96,IF(I15=97%,F15*G15*H15*F!$B$97,IF(I15=98%,F15*G15*H15*F!$B$98,IF(I15=99%,F15*G15*H15*F!$B$99,IF(I15>99%,F15*G15*H15*F!$B$100,))))))))))))))))))))))))))))))))))))))))))))))))))))))))+IF(M15<30%,0,IF(M15<35%,J15*K15*L15*F!$B$33,IF(M15<40%,J15*K15*L15*F!$B$38,IF(M15<45%,J15*K15*L15*F!$B$43,IF(M15<50%,J15*K15*L15*F!$B$48,IF(M15=50%,J15*K15*L15*F!$B$50,IF(M15=51%,J15*K15*L15*F!$B$51,IF(M15=52%,J15*K15*L15*F!$B$52,IF(M15=53%,J15*K15*L15*F!$B$53,IF(M15=54%,J15*K15*L15*F!$B$54,IF(M15=55%,J15*K15*L15*F!$B$55,IF(M15=56%,J15*K15*L15*F!$B$56,IF(M15=57%,J15*K15*L15*F!$B$57,IF(M15=58%,J15*K15*L15*F!$B$58,IF(M15=59%,J15*K15*L15*F!$B$59,IF(M15=60%,J15*K15*L15*F!$B$60,IF(M15=61%,J15*K15*L15*F!$B$61,IF(M15=62%,J15*K15*L15*F!$B$62,IF(M15=63%,J15*K15*L15*F!$B$63,IF(M15=64%,J15*K15*L15*F!$B$64,IF(M15=65%,J15*K15*L15*F!$B$65,IF(M15=66%,J15*K15*L15*F!$B$66,IF(M15=67%,J15*K15*L15*F!$B$67,IF(M15=68%,J15*K15*L15*F!$B$68,IF(M15=69%,J15*K15*L15*F!$B$69,IF(M15=70%,J15*K15*L15*F!$B$70,IF(M15=71%,J15*K15*L15*F!$B$71,IF(M15=72%,J15*K15*L15*F!$B$72,IF(M15=73%,J15*K15*L15*F!$B$73,IF(M15=74%,J15*K15*L15*F!$B$74,IF(M15=75%,J15*K15*L15*F!$B$75,IF(M15=76%,J15*K15*L15*F!$B$76,IF(M15=77%,J15*K15*L15*F!$B$77,IF(M15=78%,J15*K15*L15*F!$B$78,IF(M15=79%,J15*K15*L15*F!$B$79,IF(M15=80%,J15*K15*L15*F!$B$80,IF(M15=81%,J15*K15*L15*F!$B$81,IF(M15=82%,J15*K15*L15*F!$B$82,IF(M15=83%,J15*K15*L15*F!$B$83,IF(M15=84%,J15*K15*L15*F!$B$84,IF(M15=85%,J15*K15*L15*F!$B$85,IF(M15=86%,J15*K15*L15*F!$B$86,IF(M15=87%,J15*K15*L15*F!$B$87,IF(M15=88%,J15*K15*L15*F!$B$88,IF(M15=89%,J15*K15*L15*F!$B$89,IF(M15=90%,J15*K15*L15*F!$B$90,IF(M15=91%,J15*K15*L15*F!$B$91,IF(M15=92%,J15*K15*L15*F!$B$92,IF(M15=93%,J15*K15*L15*F!$B$93,IF(M15=94%,J15*K15*L15*F!$B$94,IF(M15=95%,J15*K15*L15*F!$B$95,IF(M15=96%,J15*K15*L15*F!$B$96,IF(M15=97%,J15*K15*L15*F!$B$97,IF(M15=98%,J15*K15*L15*F!$B$98,IF(M15=99%,J15*K15*L15*F!$B$99,IF(M15>99%,J15*K15*L15*F!$B$100,))))))))))))))))))))))))))))))))))))))))))))))))))))))))+IF(Q15<30%,0,IF(Q15<35%,N15*O15*P15*F!$B$33,IF(Q15<40%,N15*O15*P15*F!$B$38,IF(Q15<45%,N15*O15*P15*F!$B$43,IF(Q15<50%,N15*O15*P15*F!$B$48,IF(Q15=50%,N15*O15*P15*F!$B$50,IF(Q15=51%,N15*O15*P15*F!$B$51,IF(Q15=52%,N15*O15*P15*F!$B$52,IF(Q15=53%,N15*O15*P15*F!$B$53,IF(Q15=54%,N15*O15*P15*F!$B$54,IF(Q15=55%,N15*O15*P15*F!$B$55,IF(Q15=56%,N15*O15*P15*F!$B$56,IF(Q15=57%,N15*O15*P15*F!$B$57,IF(Q15=58%,N15*O15*P15*F!$B$58,IF(Q15=59%,N15*O15*P15*F!$B$59,IF(Q15=60%,N15*O15*P15*F!$B$60,IF(Q15=61%,N15*O15*P15*F!$B$61,IF(Q15=62%,N15*O15*P15*F!$B$62,IF(Q15=63%,N15*O15*P15*F!$B$63,IF(Q15=64%,N15*O15*P15*F!$B$64,IF(Q15=65%,N15*O15*P15*F!$B$65,IF(Q15=66%,N15*O15*P15*F!$B$66,IF(Q15=67%,N15*O15*P15*F!$B$67,IF(Q15=68%,N15*O15*P15*F!$B$68,IF(Q15=69%,N15*O15*P15*F!$B$69,IF(Q15=70%,N15*O15*P15*F!$B$70,IF(Q15=71%,N15*O15*P15*F!$B$71,IF(Q15=72%,N15*O15*P15*F!$B$72,IF(Q15=73%,N15*O15*P15*F!$B$73,IF(Q15=74%,N15*O15*P15*F!$B$74,IF(Q15=75%,N15*O15*P15*F!$B$75,IF(Q15=76%,N15*O15*P15*F!$B$76,IF(Q15=77%,N15*O15*P15*F!$B$77,IF(Q15=78%,N15*O15*P15*F!$B$78,IF(Q15=79%,N15*O15*P15*F!$B$79,IF(Q15=80%,N15*O15*P15*F!$B$80,IF(Q15=81%,N15*O15*P15*F!$B$81,IF(Q15=82%,N15*O15*P15*F!$B$82,IF(Q15=83%,N15*O15*P15*F!$B$83,IF(Q15=84%,N15*O15*P15*F!$B$84,IF(Q15=85%,N15*O15*P15*F!$B$85,IF(Q15=86%,N15*O15*P15*F!$B$86,IF(Q15=87%,N15*O15*P15*F!$B$87,IF(Q15=88%,N15*O15*P15*F!$B$88,IF(Q15=89%,N15*O15*P15*F!$B$89,IF(Q15=90%,N15*O15*P15*F!$B$90,IF(Q15=91%,N15*O15*P15*F!$B$91,IF(Q15=92%,N15*O15*P15*F!$B$92,IF(Q15=93%,N15*O15*P15*F!$B$93,IF(Q15=94%,N15*O15*P15*F!$B$94,IF(Q15=95%,N15*O15*P15*F!$B$95,IF(Q15=96%,N15*O15*P15*F!$B$96,IF(Q15=97%,N15*O15*P15*F!$B$97,IF(Q15=98%,N15*O15*P15*F!$B$98,IF(Q15=99%,N15*O15*P15*F!$B$99,IF(Q15>99%,N15*O15*P15*F!$B$100,))))))))))))))))))))))))))))))))))))))))))))))))))))))))+IF(U15<30%,0,IF(U15<35%,R15*S15*T15*F!$B$33,IF(U15<40%,R15*S15*T15*F!$B$38,IF(U15<45%,R15*S15*T15*F!$B$43,IF(U15<50%,R15*S15*T15*F!$B$48,IF(U15=50%,R15*S15*T15*F!$B$50,IF(U15=51%,R15*S15*T15*F!$B$51,IF(U15=52%,R15*S15*T15*F!$B$52,IF(U15=53%,R15*S15*T15*F!$B$53,IF(U15=54%,R15*S15*T15*F!$B$54,IF(U15=55%,R15*S15*T15*F!$B$55,IF(U15=56%,R15*S15*T15*F!$B$56,IF(U15=57%,R15*S15*T15*F!$B$57,IF(U15=58%,R15*S15*T15*F!$B$58,IF(U15=59%,R15*S15*T15*F!$B$59,IF(U15=60%,R15*S15*T15*F!$B$60,IF(U15=61%,R15*S15*T15*F!$B$61,IF(U15=62%,R15*S15*T15*F!$B$62,IF(U15=63%,R15*S15*T15*F!$B$63,IF(U15=64%,R15*S15*T15*F!$B$64,IF(U15=65%,R15*S15*T15*F!$B$65,IF(U15=66%,R15*S15*T15*F!$B$66,IF(U15=67%,R15*S15*T15*F!$B$67,IF(U15=68%,R15*S15*T15*F!$B$68,IF(U15=69%,R15*S15*T15*F!$B$69,IF(U15=70%,R15*S15*T15*F!$B$70,IF(U15=71%,R15*S15*T15*F!$B$71,IF(U15=72%,R15*S15*T15*F!$B$72,IF(U15=73%,R15*S15*T15*F!$B$73,IF(U15=74%,R15*S15*T15*F!$B$74,IF(U15=75%,R15*S15*T15*F!$B$75,IF(U15=76%,R15*S15*T15*F!$B$76,IF(U15=77%,R15*S15*T15*F!$B$77,IF(U15=78%,R15*S15*T15*F!$B$78,IF(U15=79%,R15*S15*T15*F!$B$79,IF(U15=80%,R15*S15*T15*F!$B$80,IF(U15=81%,R15*S15*T15*F!$B$81,IF(U15=82%,R15*S15*T15*F!$B$82,IF(U15=83%,R15*S15*T15*F!$B$83,IF(U15=84%,R15*S15*T15*F!$B$84,IF(U15=85%,R15*S15*T15*F!$B$85,IF(U15=86%,R15*S15*T15*F!$B$86,IF(U15=87%,R15*S15*T15*F!$B$87,IF(U15=88%,R15*S15*T15*F!$B$88,IF(U15=89%,R15*S15*T15*F!$B$89,IF(U15=90%,R15*S15*T15*F!$B$90,IF(U15=91%,R15*S15*T15*F!$B$91,IF(U15=92%,R15*S15*T15*F!$B$92,IF(U15=93%,R15*S15*T15*F!$B$93,IF(U15=94%,R15*S15*T15*F!$B$94,IF(U15=95%,R15*S15*T15*F!$B$95,IF(U15=96%,R15*S15*T15*F!$B$96,IF(U15=97%,R15*S15*T15*F!$B$97,IF(U15=98%,R15*S15*T15*F!$B$98,IF(U15=99%,R15*S15*T15*F!$B$99,IF(U15>99%,R15*S15*T15*F!$B$100)))))))))))))))))))))))))))))))))))))))))))))))))))))))))*IF(ISNUMBER(E15),E15,1)*IF(ISNUMBER(D15),D15,1) -> #REF! | AA15: =G15*H15+K15*L15+O15*P15+S15*T15 -> 48 | AB15: =(H15*(IF(I15<45%,0.5,IF(I15<55%,0.8,IF(I15<65%,0.9,IF(I15<75%,1,IF(I15<85%,1.1,1.2))))))+L15*(IF(M15<45%,0.5,IF(M15<55%,0.8,IF(M15<65%,0.9,IF(M15<75%,1,IF(M15<85%,1.1,1.2))))))+P15*(IF(Q15<45%,0.5,IF(Q15<55%,0.8,IF(Q15<65%,0.9,IF(Q15<75%,1,IF(Q15<85%,1.1,1.2))))))+T15*(IF(U15<45%,0.5,IF(U15<55%,0.8,IF(U15<65%,0.9,IF(U15<75%,1,IF(U15<85%,1.1,1.2)))))))*IF(D15>=0.8,6,IF(D15<=0.4,1.5,3)) -> 3
C16: Сгибания рук с гантелями | D16: =ROUND(IFERROR((D10*(G10*H10+K10*L10+O10*P10+S10*T10)+D11*(G11*H11+K11*L11+O11*P11+S11*T11)+D12*(G12*H12+K12*L12+O12*P12+S12*T12)+D13*(G13*H13+K13*L13+O13*P13+S13*T13)+D14*(G14*H14+K14*L14+O14*P14+S14*T14)+D15*(G15*H15+K15*L15+O15*P15+S15*T15))/((G10*H10+K10*L10+O10*P10+S10*T10)+(G11*H11+K11*L11+O11*P11+S11*T11)+(G12*H12+K12*L12+O12*P12+S12*T12)+(G13*H13+K13*L13+O13*P13+S13*T13)+(G14*H14+K14*L14+O14*P14+S14*T14)+(G15*H15+K15*L15+O15*P15+S15*T15)),0),2) -> 0.54 | V16: =SUM(V10:V15) -> 4420.8 | W16: =IFERROR(V16/AA16,0) -> 16.134307 | X16: =ROUND(IFERROR(((I10*G10*H10+M10*K10*L10+Q10*O10*P10+U10*S10*T10)+(I11*G11*H11+M11*K11*L11+Q11*O11*P11+U11*S11*T11)+(I12*G12*H12+M12*K12*L12+Q12*O12*P12+U12*S12*T12)+(I13*G13*H13+M13*K13*L13+Q13*O13*P13+U13*S13*T13)+(I14*G14*H14+M14*K14*L14+Q14*O14*P14+U14*S14*T14)+(I15*G15*H15+M15*K15*L15+Q15*O15*P15+U15*S15*T15))/((G10*H10+K10*L10+O10*P10+S10*T10)+(G11*H11+K11*L11+O11*P11+S11*T11)+(G12*H12+K12*L12+O12*P12+S12*T12)+(G13*H13+K13*L13+O13*P13+S13*T13)+(G14*H14+K14*L14+O14*P14+S14*T14)+(G15*H15+K15*L15+O15*P15+S15*T15)),0),3) -> 0.479 | Z16: =SUM(Z10:Z15) -> #REF! | AA16: =SUM(AA10:AA15) -> 274 | AB16: =IF(SUM(AB10:AB15)=0,TIME(,0,),TIME(,SUM(AB10:AB15)+30,)) -> 0.063194444
A17: Пт | B17: Средняя | C17: Ягодичный мост | D17: 1.3 | F17: =IF(I17<>0,(IFERROR(IF($Y17>50,MROUND($Y17*I17,2.5),IF($Y17<15,MROUND($Y17*I17,0.1),MROUND($Y17*I17,1))),)),"") -> 45 | G17: 12 | H17: 1 | I17: 0.45 | J17: =IF(M17<>0,(IFERROR(IF($Y17>50,MROUND($Y17*M17,2.5),IF($Y17<15,MROUND($Y17*M17,0.1),MROUND($Y17*M17,1))),)),"") -> 55 | K17: 10 | L17: 3 | M17: 0.56 | N17: =IF(Q17<>0,(IFERROR(IF($Y17>50,MROUND($Y17*Q17,2.5),IF($Y17<15,MROUND($Y17*Q17,0.1),MROUND($Y17*Q17,1))),)),"") | Q17: 0 | R17: =IF(U17<>0,(IFERROR(IF($Y17>50,MROUND($Y17*U17,2.5),IF($Y17<15,MROUND($Y17*U17,0.1),MROUND($Y17*U17,1))),)),"") | U17: 0 | V17: =(IF(ISNUMBER(F17),F17,1)*G17*H17+IF(ISNUMBER(J17),J17,1)*K17*L17+IF(ISNUMBER(N17),N17,1)*O17*P17+IF(ISNUMBER(R17),R17,1)*S17*T17)*IF(ISNUMBER(E17),E17,1) -> 2190 | W17: =IFERROR((IF(ISNUMBER(F17),F17,1)*G17*H17+IF(ISNUMBER(J17),J17,1)*K17*L17+IF(ISNUMBER(N17),N17,1)*O17*P17+IF(ISNUMBER(R17),R17,1)*S17*T17)*IF(ISNUMBER(E17),E17,1)/(G17*H17+K17*L17+O17*P17+S17*T17),0) -> 52.142857 | X17: =ROUND(IFERROR((W17/(Y17*IF(ISNUMBER(E17),E17,1))),0),2) -> 0.52 | Y17: 100 | Z17: =(IF(I17<30%,0,IF(I17<35%,F17*G17*H17*F!$B$33,IF(I17<40%,F17*G17*H17*F!$B$38,IF(I17<45%,F17*G17*H17*F!$B$43,IF(I17<50%,F17*G17*H17*F!$B$48,IF(I17=50%,F17*G17*H17*F!$B$50,IF(I17=51%,F17*G17*H17*F!$B$51,IF(I17=52%,F17*G17*H17*F!$B$52,IF(I17=53%,F17*G17*H17*F!$B$53,IF(I17=54%,F17*G17*H17*F!$B$54,IF(I17=55%,F17*G17*H17*F!$B$55,IF(I17=56%,F17*G17*H17*F!$B$56,IF(I17=57%,F17*G17*H17*F!$B$57,IF(I17=58%,F17*G17*H17*F!$B$58,IF(I17=59%,F17*G17*H17*F!$B$59,IF(I17=60%,F17*G17*H17*F!$B$60,IF(I17=61%,F17*G17*H17*F!$B$61,IF(I17=62%,F17*G17*H17*F!$B$62,IF(I17=63%,F17*G17*H17*F!$B$63,IF(I17=64%,F17*G17*H17*F!$B$64,IF(I17=65%,F17*G17*H17*F!$B$65,IF(I17=66%,F17*G17*H17*F!$B$66,IF(I17=67%,F17*G17*H17*F!$B$67,IF(I17=68%,F17*G17*H17*F!$B$68,IF(I17=69%,F17*G17*H17*F!$B$69,IF(I17=70%,F17*G17*H17*F!$B$70,IF(I17=71%,F17*G17*H17*F!$B$71,IF(I17=72%,F17*G17*H17*F!$B$72,IF(I17=73%,F17*G17*H17*F!$B$73,IF(I17=74%,F17*G17*H17*F!$B$74,IF(I17=75%,F17*G17*H17*F!$B$75,IF(I17=76%,F17*G17*H17*F!$B$76,IF(I17=77%,F17*G17*H17*F!$B$77,IF(I17=78%,F17*G17*H17*F!$B$78,IF(I17=79%,F17*G17*H17*F!$B$79,IF(I17=80%,F17*G17*H17*F!$B$80,IF(I17=81%,F17*G17*H17*F!$B$81,IF(I17=82%,F17*G17*H17*F!$B$82,IF(I17=83%,F17*G17*H17*F!$B$83,IF(I17=84%,F17*G17*H17*F!$B$84,IF(I17=85%,F17*G17*H17*F!$B$85,IF(I17=86%,F17*G17*H17*F!$B$86,IF(I17=87%,F17*G17*H17*F!$B$87,IF(I17=88%,F17*G17*H17*F!$B$88,IF(I17=89%,F17*G17*H17*F!$B$89,IF(I17=90%,F17*G17*H17*F!$B$90,IF(I17=91%,F17*G17*H17*F!$B$91,IF(I17=92%,F17*G17*H17*F!$B$92,IF(I17=93%,F17*G17*H17*F!$B$93,IF(I17=94%,F17*G17*H17*F!$B$94,IF(I17=95%,F17*G17*H17*F!$B$95,IF(I17=96%,F17*G17*H17*F!$B$96,IF(I17=97%,F17*G17*H17*F!$B$97,IF(I17=98%,F17*G17*H17*F!$B$98,IF(I17=99%,F17*G17*H17*F!$B$99,IF(I17>99%,F17*G17*H17*F!$B$100,))))))))))))))))))))))))))))))))))))))))))))))))))))))))+IF(M17<30%,0,IF(M17<35%,J17*K17*L17*F!$B$33,IF(M17<40%,J17*K17*L17*F!$B$38,IF(M17<45%,J17*K17*L17*F!$B$43,IF(M17<50%,J17*K17*L17*F!$B$48,IF(M17=50%,J17*K17*L17*F!$B$50,IF(M17=51%,J17*K17*L17*F!$B$51,IF(M17=52%,J17*K17*L17*F!$B$52,IF(M17=53%,J17*K17*L17*F!$B$53,IF(M17=54%,J17*K17*L17*F!$B$54,IF(M17=55%,J17*K17*L17*F!$B$55,IF(M17=56%,J17*K17*L17*F!$B$56,IF(M17=57%,J17*K17*L17*F!$B$57,IF(M17=58%,J17*K17*L17*F!$B$58,IF(M17=59%,J17*K17*L17*F!$B$59,IF(M17=60%,J17*K17*L17*F!$B$60,IF(M17=61%,J17*K17*L17*F!$B$61,IF(M17=62%,J17*K17*L17*F!$B$62,IF(M17=63%,J17*K17*L17*F!$B$63,IF(M17=64%,J17*K17*L17*F!$B$64,IF(M17=65%,J17*K17*L17*F!$B$65,IF(M17=66%,J17*K17*L17*F!$B$66,IF(M17=67%,J17*K17*L17*F!$B$67,IF(M17=68%,J17*K17*L17*F!$B$68,IF(M17=69%,J17*K17*L17*F!$B$69,IF(M17=70%,J17*K17*L17*F!$B$70,IF(M17=71%,J17*K17*L17*F!$B$71,IF(M17=72%,J17*K17*L17*F!$B$72,IF(M17=73%,J17*K17*L17*F!$B$73,IF(M17=74%,J17*K17*L17*F!$B$74,IF(M17=75%,J17*K17*L17*F!$B$75,IF(M17=76%,J17*K17*L17*F!$B$76,IF(M17=77%,J17*K17*L17*F!$B$77,IF(M17=78%,J17*K17*L17*F!$B$78,IF(M17=79%,J17*K17*L17*F!$B$79,IF(M17=80%,J17*K17*L17*F!$B$80,IF(M17=81%,J17*K17*L17*F!$B$81,IF(M17=82%,J17*K17*L17*F!$B$82,IF(M17=83%,J17*K17*L17*F!$B$83,IF(M17=84%,J17*K17*L17*F!$B$84,IF(M17=85%,J17*K17*L17*F!$B$85,IF(M17=86%,J17*K17*L17*F!$B$86,IF(M17=87%,J17*K17*L17*F!$B$87,IF(M17=88%,J17*K17*L17*F!$B$88,IF(M17=89%,J17*K17*L17*F!$B$89,IF(M17=90%,J17*K17*L17*F!$B$90,IF(M17=91%,J17*K17*L17*F!$B$91,IF(M17=92%,J17*K17*L17*F!$B$92,IF(M17=93%,J17*K17*L17*F!$B$93,IF(M17=94%,J17*K17*L17*F!$B$94,IF(M17=95%,J17*K17*L17*F!$B$95,IF(M17=96%,J17*K17*L17*F!$B$96,IF(M17=97%,J17*K17*L17*F!$B$97,IF(M17=98%,J17*K17*L17*F!$B$98,IF(M17=99%,J17*K17*L17*F!$B$99,IF(M17>99%,J17*K17*L17*F!$B$100,))))))))))))))))))))))))))))))))))))))))))))))))))))))))+IF(Q17<30%,0,IF(Q17<35%,N17*O17*P17*F!$B$33,IF(Q17<40%,N17*O17*P17*F!$B$38,IF(Q17<45%,N17*O17*P17*F!$B$43,IF(Q17<50%,N17*O17*P17*F!$B$48,IF(Q17=50%,N17*O17*P17*F!$B$50,IF(Q17=51%,N17*O17*P17*F!$B$51,IF(Q17=52%,N17*O17*P17*F!$B$52,IF(Q17=53%,N17*O17*P17*F!$B$53,IF(Q17=54%,N17*O17*P17*F!$B$54,IF(Q17=55%,N17*O17*P17*F!$B$55,IF(Q17=56%,N17*O17*P17*F!$B$56,IF(Q17=57%,N17*O17*P17*F!$B$57,IF(Q17=58%,N17*O17*P17*F!$B$58,IF(Q17=59%,N17*O17*P17*F!$B$59,IF(Q17=60%,N17*O17*P17*F!$B$60,IF(Q17=61%,N17*O17*P17*F!$B$61,IF(Q17=62%,N17*O17*P17*F!$B$62,IF(Q17=63%,N17*O17*P17*F!$B$63,IF(Q17=64%,N17*O17*P17*F!$B$64,IF(Q17=65%,N17*O17*P17*F!$B$65,IF(Q17=66%,N17*O17*P17*F!$B$66,IF(Q17=67%,N17*O17*P17*F!$B$67,IF(Q17=68%,N17*O17*P17*F!$B$68,IF(Q17=69%,N17*O17*P17*F!$B$69,IF(Q17=70%,N17*O17*P17*F!$B$70,IF(Q17=71%,N17*O17*P17*F!$B$71,IF(Q17=72%,N17*O17*P17*F!$B$72,IF(Q17=73%,N17*O17*P17*F!$B$73,IF(Q17=74%,N17*O17*P17*F!$B$74,IF(Q17=75%,N17*O17*P17*F!$B$75,IF(Q17=76%,N17*O17*P17*F!$B$76,IF(Q17=77%,N17*O17*P17*F!$B$77,IF(Q17=78%,N17*O17*P17*F!$B$78,IF(Q17=79%,N17*O17*P17*F!$B$79,IF(Q17=80%,N17*O17*P17*F!$B$80,IF(Q17=81%,N17*O17*P17*F!$B$81,IF(Q17=82%,N17*O17*P17*F!$B$82,IF(Q17=83%,N17*O17*P17*F!$B$83,IF(Q17=84%,N17*O17*P17*F!$B$84,IF(Q17=85%,N17*O17*P17*F!$B$85,IF(Q17=86%,N17*O17*P17*F!$B$86,IF(Q17=87%,N17*O17*P17*F!$B$87,IF(Q17=88%,N17*O17*P17*F!$B$88,IF(Q17=89%,N17*O17*P17*F!$B$89,IF(Q17=90%,N17*O17*P17*F!$B$90,IF(Q17=91%,N17*O17*P17*F!$B$91,IF(Q17=92%,N17*O17*P17*F!$B$92,IF(Q17=93%,N17*O17*P17*F!$B$93,IF(Q17=94%,N17*O17*P17*F!$B$94,IF(Q17=95%,N17*O17*P17*F!$B$95,IF(Q17=96%,N17*O17*P17*F!$B$96,IF(Q17=97%,N17*O17*P17*F!$B$97,IF(Q17=98%,N17*O17*P17*F!$B$98,IF(Q17=99%,N17*O17*P17*F!$B$99,IF(Q17>99%,N17*O17*P17*F!$B$100,))))))))))))))))))))))))))))))))))))))))))))))))))))))))+IF(U17<30%,0,IF(U17<35%,R17*S17*T17*F!$B$33,IF(U17<40%,R17*S17*T17*F!$B$38,IF(U17<45%,R17*S17*T17*F!$B$43,IF(U17<50%,R17*S17*T17*F!$B$48,IF(U17=50%,R17*S17*T17*F!$B$50,IF(U17=51%,R17*S17*T17*F!$B$51,IF(U17=52%,R17*S17*T17*F!$B$52,IF(U17=53%,R17*S17*T17*F!$B$53,IF(U17=54%,R17*S17*T17*F!$B$54,IF(U17=55%,R17*S17*T17*F!$B$55,IF(U17=56%,R17*S17*T17*F!$B$56,IF(U17=57%,R17*S17*T17*F!$B$57,IF(U17=58%,R17*S17*T17*F!$B$58,IF(U17=59%,R17*S17*T17*F!$B$59,IF(U17=60%,R17*S17*T17*F!$B$60,IF(U17=61%,R17*S17*T17*F!$B$61,IF(U17=62%,R17*S17*T17*F!$B$62,IF(U17=63%,R17*S17*T17*F!$B$63,IF(U17=64%,R17*S17*T17*F!$B$64,IF(U17=65%,R17*S17*T17*F!$B$65,IF(U17=66%,R17*S17*T17*F!$B$66,IF(U17=67%,R17*S17*T17*F!$B$67,IF(U17=68%,R17*S17*T17*F!$B$68,IF(U17=69%,R17*S17*T17*F!$B$69,IF(U17=70%,R17*S17*T17*F!$B$70,IF(U17=71%,R17*S17*T17*F!$B$71,IF(U17=72%,R17*S17*T17*F!$B$72,IF(U17=73%,R17*S17*T17*F!$B$73,IF(U17=74%,R17*S17*T17*F!$B$74,IF(U17=75%,R17*S17*T17*F!$B$75,IF(U17=76%,R17*S17*T17*F!$B$76,IF(U17=77%,R17*S17*T17*F!$B$77,IF(U17=78%,R17*S17*T17*F!$B$78,IF(U17=79%,R17*S17*T17*F!$B$79,IF(U17=80%,R17*S17*T17*F!$B$80,IF(U17=81%,R17*S17*T17*F!$B$81,IF(U17=82%,R17*S17*T17*F!$B$82,IF(U17=83%,R17*S17*T17*F!$B$83,IF(U17=84%,R17*S17*T17*F!$B$84,IF(U17=85%,R17*S17*T17*F!$B$85,IF(U17=86%,R17*S17*T17*F!$B$86,IF(U17=87%,R17*S17*T17*F!$B$87,IF(U17=88%,R17*S17*T17*F!$B$88,IF(U17=89%,R17*S17*T17*F!$B$89,IF(U17=90%,R17*S17*T17*F!$B$90,IF(U17=91%,R17*S17*T17*F!$B$91,IF(U17=92%,R17*S17*T17*F!$B$92,IF(U17=93%,R17*S17*T17*F!$B$93,IF(U17=94%,R17*S17*T17*F!$B$94,IF(U17=95%,R17*S17*T17*F!$B$95,IF(U17=96%,R17*S17*T17*F!$B$96,IF(U17=97%,R17*S17*T17*F!$B$97,IF(U17=98%,R17*S17*T17*F!$B$98,IF(U17=99%,R17*S17*T17*F!$B$99,IF(U17>99%,R17*S17*T17*F!$B$100)))))))))))))))))))))))))))))))))))))))))))))))))))))))))*IF(ISNUMBER(E17),E17,1)*IF(ISNUMBER(D17),D17,1) -> #REF! | AA17: =G17*H17+K17*L17+O17*P17+S17*T17 -> 42 | AB17: =(H17*(IF(I17<45%,0.5,IF(I17<55%,0.8,IF(I17<65%,0.9,IF(I17<75%,1,IF(I17<85%,1.1,1.2))))))+L17*(IF(M17<45%,0.5,IF(M17<55%,0.8,IF(M17<65%,0.9,IF(M17<75%,1,IF(M17<85%,1.1,1.2))))))+P17*(IF(Q17<45%,0.5,IF(Q17<55%,0.8,IF(Q17<65%,0.9,IF(Q17<75%,1,IF(Q17<85%,1.1,1.2))))))+T17*(IF(U17<45%,0.5,IF(U17<55%,0.8,IF(U17<65%,0.9,IF(U17<75%,1,IF(U17<85%,1.1,1.2)))))))*IF(D17>=0.8,6,IF(D17<=0.4,1.5,3)) -> 21
A18: =A11+2 -> 42335 | B18: Легкая | C18: Зашагивания на платформу | D18: 1 | F18: =IF(I18<>0,(IFERROR(IF($Y18>50,MROUND($Y18*I18,2.5),IF($Y18<15,MROUND($Y18*I18,0.1),MROUND($Y18*I18,1))),)),"") -> 0 | G18: 12 | H18: 4 | I18: 0.4 | J18: =IF(M18<>0,(IFERROR(IF($Y18>50,MROUND($Y18*M18,2.5),IF($Y18<15,MROUND($Y18*M18,0.1),MROUND($Y18*M18,1))),)),"") | M18: 0 | N18: =IF(Q18<>0,(IFERROR(IF($Y18>50,MROUND($Y18*Q18,2.5),IF($Y18<15,MROUND($Y18*Q18,0.1),MROUND($Y18*Q18,1))),)),"") | Q18: 0 | R18: =IF(U18<>0,(IFERROR(IF($Y18>50,MROUND($Y18*U18,2.5),IF($Y18<15,MROUND($Y18*U18,0.1),MROUND($Y18*U18,1))),)),"") | U18: 0 | V18: =(IF(ISNUMBER(F18),F18,1)*G18*H18+IF(ISNUMBER(J18),J18,1)*K18*L18+IF(ISNUMBER(N18),N18,1)*O18*P18+IF(ISNUMBER(R18),R18,1)*S18*T18)*IF(ISNUMBER(E18),E18,1) -> 0 | W18: =IFERROR((IF(ISNUMBER(F18),F18,1)*G18*H18+IF(ISNUMBER(J18),J18,1)*K18*L18+IF(ISNUMBER(N18),N18,1)*O18*P18+IF(ISNUMBER(R18),R18,1)*S18*T18)*IF(ISNUMBER(E18),E18,1)/(G18*H18+K18*L18+O18*P18+S18*T18),0) -> 0 | X18: =ROUND(IFERROR((W18/(Y18*IF(ISNUMBER(E18),E18,1))),0),2) -> 0 | Y18: 0 | Z18: =(IF(I18<30%,0,IF(I18<35%,F18*G18*H18*F!$B$33,IF(I18<40%,F18*G18*H18*F!$B$38,IF(I18<45%,F18*G18*H18*F!$B$43,IF(I18<50%,F18*G18*H18*F!$B$48,IF(I18=50%,F18*G18*H18*F!$B$50,IF(I18=51%,F18*G18*H18*F!$B$51,IF(I18=52%,F18*G18*H18*F!$B$52,IF(I18=53%,F18*G18*H18*F!$B$53,IF(I18=54%,F18*G18*H18*F!$B$54,IF(I18=55%,F18*G18*H18*F!$B$55,IF(I18=56%,F18*G18*H18*F!$B$56,IF(I18=57%,F18*G18*H18*F!$B$57,IF(I18=58%,F18*G18*H18*F!$B$58,IF(I18=59%,F18*G18*H18*F!$B$59,IF(I18=60%,F18*G18*H18*F!$B$60,IF(I18=61%,F18*G18*H18*F!$B$61,IF(I18=62%,F18*G18*H18*F!$B$62,IF(I18=63%,F18*G18*H18*F!$B$63,IF(I18=64%,F18*G18*H18*F!$B$64,IF(I18=65%,F18*G18*H18*F!$B$65,IF(I18=66%,F18*G18*H18*F!$B$66,IF(I18=67%,F18*G18*H18*F!$B$67,IF(I18=68%,F18*G18*H18*F!$B$68,IF(I18=69%,F18*G18*H18*F!$B$69,IF(I18=70%,F18*G18*H18*F!$B$70,IF(I18=71%,F18*G18*H18*F!$B$71,IF(I18=72%,F18*G18*H18*F!$B$72,IF(I18=73%,F18*G18*H18*F!$B$73,IF(I18=74%,F18*G18*H18*F!$B$74,IF(I18=75%,F18*G18*H18*F!$B$75,IF(I18=76%,F18*G18*H18*F!$B$76,IF(I18=77%,F18*G18*H18*F!$B$77,IF(I18=78%,F18*G18*H18*F!$B$78,IF(I18=79%,F18*G18*H18*F!$B$79,IF(I18=80%,F18*G18*H18*F!$B$80,IF(I18=81%,F18*G18*H18*F!$B$81,IF(I18=82%,F18*G18*H18*F!$B$82,IF(I18=83%,F18*G18*H18*F!$B$83,IF(I18=84%,F18*G18*H18*F!$B$84,IF(I18=85%,F18*G18*H18*F!$B$85,IF(I18=86%,F18*G18*H18*F!$B$86,IF(I18=87%,F18*G18*H18*F!$B$87,IF(I18=88%,F18*G18*H18*F!$B$88,IF(I18=89%,F18*G18*H18*F!$B$89,IF(I18=90%,F18*G18*H18*F!$B$90,IF(I18=91%,F18*G18*H18*F!$B$91,IF(I18=92%,F18*G18*H18*F!$B$92,IF(I18=93%,F18*G18*H18*F!$B$93,IF(I18=94%,F18*G18*H18*F!$B$94,IF(I18=95%,F18*G18*H18*F!$B$95,IF(I18=96%,F18*G18*H18*F!$B$96,IF(I18=97%,F18*G18*H18*F!$B$97,IF(I18=98%,F18*G18*H18*F!$B$98,IF(I18=99%,F18*G18*H18*F!$B$99,IF(I18>99%,F18*G18*H18*F!$B$100,))))))))))))))))))))))))))))))))))))))))))))))))))))))))+IF(M18<30%,0,IF(M18<35%,J18*K18*L18*F!$B$33,IF(M18<40%,J18*K18*L18*F!$B$38,IF(M18<45%,J18*K18*L18*F!$B$43,IF(M18<50%,J18*K18*L18*F!$B$48,IF(M18=50%,J18*K18*L18*F!$B$50,IF(M18=51%,J18*K18*L18*F!$B$51,IF(M18=52%,J18*K18*L18*F!$B$52,IF(M18=53%,J18*K18*L18*F!$B$53,IF(M18=54%,J18*K18*L18*F!$B$54,IF(M18=55%,J18*K18*L18*F!$B$55,IF(M18=56%,J18*K18*L18*F!$B$56,IF(M18=57%,J18*K18*L18*F!$B$57,IF(M18=58%,J18*K18*L18*F!$B$58,IF(M18=59%,J18*K18*L18*F!$B$59,IF(M18=60%,J18*K18*L18*F!$B$60,IF(M18=61%,J18*K18*L18*F!$B$61,IF(M18=62%,J18*K18*L18*F!$B$62,IF(M18=63%,J18*K18*L18*F!$B$63,IF(M18=64%,J18*K18*L18*F!$B$64,IF(M18=65%,J18*K18*L18*F!$B$65,IF(M18=66%,J18*K18*L18*F!$B$66,IF(M18=67%,J18*K18*L18*F!$B$67,IF(M18=68%,J18*K18*L18*F!$B$68,IF(M18=69%,J18*K18*L18*F!$B$69,IF(M18=70%,J18*K18*L18*F!$B$70,IF(M18=71%,J18*K18*L18*F!$B$71,IF(M18=72%,J18*K18*L18*F!$B$72,IF(M18=73%,J18*K18*L18*F!$B$73,IF(M18=74%,J18*K18*L18*F!$B$74,IF(M18=75%,J18*K18*L18*F!$B$75,IF(M18=76%,J18*K18*L18*F!$B$76,IF(M18=77%,J18*K18*L18*F!$B$77,IF(M18=78%,J18*K18*L18*F!$B$78,IF(M18=79%,J18*K18*L18*F!$B$79,IF(M18=80%,J18*K18*L18*F!$B$80,IF(M18=81%,J18*K18*L18*F!$B$81,IF(M18=82%,J18*K18*L18*F!$B$82,IF(M18=83%,J18*K18*L18*F!$B$83,IF(M18=84%,J18*K18*L18*F!$B$84,IF(M18=85%,J18*K18*L18*F!$B$85,IF(M18=86%,J18*K18*L18*F!$B$86,IF(M18=87%,J18*K18*L18*F!$B$87,IF(M18=88%,J18*K18*L18*F!$B$88,IF(M18=89%,J18*K18*L18*F!$B$89,IF(M18=90%,J18*K18*L18*F!$B$90,IF(M18=91%,J18*K18*L18*F!$B$91,IF(M18=92%,J18*K18*L18*F!$B$92,IF(M18=93%,J18*K18*L18*F!$B$93,IF(M18=94%,J18*K18*L18*F!$B$94,IF(M18=95%,J18*K18*L18*F!$B$95,IF(M18=96%,J18*K18*L18*F!$B$96,IF(M18=97%,J18*K18*L18*F!$B$97,IF(M18=98%,J18*K18*L18*F!$B$98,IF(M18=99%,J18*K18*L18*F!$B$99,IF(M18>99%,J18*K18*L18*F!$B$100,))))))))))))))))))))))))))))))))))))))))))))))))))))))))+IF(Q18<30%,0,IF(Q18<35%,N18*O18*P18*F!$B$33,IF(Q18<40%,N18*O18*P18*F!$B$38,IF(Q18<45%,N18*O18*P18*F!$B$43,IF(Q18<50%,N18*O18*P18*F!$B$48,IF(Q18=50%,N18*O18*P18*F!$B$50,IF(Q18=51%,N18*O18*P18*F!$B$51,IF(Q18=52%,N18*O18*P18*F!$B$52,IF(Q18=53%,N18*O18*P18*F!$B$53,IF(Q18=54%,N18*O18*P18*F!$B$54,IF(Q18=55%,N18*O18*P18*F!$B$55,IF(Q18=56%,N18*O18*P18*F!$B$56,IF(Q18=57%,N18*O18*P18*F!$B$57,IF(Q18=58%,N18*O18*P18*F!$B$58,IF(Q18=59%,N18*O18*P18*F!$B$59,IF(Q18=60%,N18*O18*P18*F!$B$60,IF(Q18=61%,N18*O18*P18*F!$B$61,IF(Q18=62%,N18*O18*P18*F!$B$62,IF(Q18=63%,N18*O18*P18*F!$B$63,IF(Q18=64%,N18*O18*P18*F!$B$64,IF(Q18=65%,N18*O18*P18*F!$B$65,IF(Q18=66%,N18*O18*P18*F!$B$66,IF(Q18=67%,N18*O18*P18*F!$B$67,IF(Q18=68%,N18*O18*P18*F!$B$68,IF(Q18=69%,N18*O18*P18*F!$B$69,IF(Q18=70%,N18*O18*P18*F!$B$70,IF(Q18=71%,N18*O18*P18*F!$B$71,IF(Q18=72%,N18*O18*P18*F!$B$72,IF(Q18=73%,N18*O18*P18*F!$B$73,IF(Q18=74%,N18*O18*P18*F!$B$74,IF(Q18=75%,N18*O18*P18*F!$B$75,IF(Q18=76%,N18*O18*P18*F!$B$76,IF(Q18=77%,N18*O18*P18*F!$B$77,IF(Q18=78%,N18*O18*P18*F!$B$78,IF(Q18=79%,N18*O18*P18*F!$B$79,IF(Q18=80%,N18*O18*P18*F!$B$80,IF(Q18=81%,N18*O18*P18*F!$B$81,IF(Q18=82%,N18*O18*P18*F!$B$82,IF(Q18=83%,N18*O18*P18*F!$B$83,IF(Q18=84%,N18*O18*P18*F!$B$84,IF(Q18=85%,N18*O18*P18*F!$B$85,IF(Q18=86%,N18*O18*P18*F!$B$86,IF(Q18=87%,N18*O18*P18*F!$B$87,IF(Q18=88%,N18*O18*P18*F!$B$88,IF(Q18=89%,N18*O18*P18*F!$B$89,IF(Q18=90%,N18*O18*P18*F!$B$90,IF(Q18=91%,N18*O18*P18*F!$B$91,IF(Q18=92%,N18*O18*P18*F!$B$92,IF(Q18=93%,N18*O18*P18*F!$B$93,IF(Q18=94%,N18*O18*P18*F!$B$94,IF(Q18=95%,N18*O18*P18*F!$B$95,IF(Q18=96%,N18*O18*P18*F!$B$96,IF(Q18=97%,N18*O18*P18*F!$B$97,IF(Q18=98%,N18*O18*P18*F!$B$98,IF(Q18=99%,N18*O18*P18*F!$B$99,IF(Q18>99%,N18*O18*P18*F!$B$100,))))))))))))))))))))))))))))))))))))))))))))))))))))))))+IF(U18<30%,0,IF(U18<35%,R18*S18*T18*F!$B$33,IF(U18<40%,R18*S18*T18*F!$B$38,IF(U18<45%,R18*S18*T18*F!$B$43,IF(U18<50%,R18*S18*T18*F!$B$48,IF(U18=50%,R18*S18*T18*F!$B$50,IF(U18=51%,R18*S18*T18*F!$B$51,IF(U18=52%,R18*S18*T18*F!$B$52,IF(U18=53%,R18*S18*T18*F!$B$53,IF(U18=54%,R18*S18*T18*F!$B$54,IF(U18=55%,R18*S18*T18*F!$B$55,IF(U18=56%,R18*S18*T18*F!$B$56,IF(U18=57%,R18*S18*T18*F!$B$57,IF(U18=58%,R18*S18*T18*F!$B$58,IF(U18=59%,R18*S18*T18*F!$B$59,IF(U18=60%,R18*S18*T18*F!$B$60,IF(U18=61%,R18*S18*T18*F!$B$61,IF(U18=62%,R18*S18*T18*F!$B$62,IF(U18=63%,R18*S18*T18*F!$B$63,IF(U18=64%,R18*S18*T18*F!$B$64,IF(U18=65%,R18*S18*T18*F!$B$65,IF(U18=66%,R18*S18*T18*F!$B$66,IF(U18=67%,R18*S18*T18*F!$B$67,IF(U18=68%,R18*S18*T18*F!$B$68,IF(U18=69%,R18*S18*T18*F!$B$69,IF(U18=70%,R18*S18*T18*F!$B$70,IF(U18=71%,R18*S18*T18*F!$B$71,IF(U18=72%,R18*S18*T18*F!$B$72,IF(U18=73%,R18*S18*T18*F!$B$73,IF(U18=74%,R18*S18*T18*F!$B$74,IF(U18=75%,R18*S18*T18*F!$B$75,IF(U18=76%,R18*S18*T18*F!$B$76,IF(U18=77%,R18*S18*T18*F!$B$77,IF(U18=78%,R18*S18*T18*F!$B$78,IF(U18=79%,R18*S18*T18*F!$B$79,IF(U18=80%,R18*S18*T18*F!$B$80,IF(U18=81%,R18*S18*T18*F!$B$81,IF(U18=82%,R18*S18*T18*F!$B$82,IF(U18=83%,R18*S18*T18*F!$B$83,IF(U18=84%,R18*S18*T18*F!$B$84,IF(U18=85%,R18*S18*T18*F!$B$85,IF(U18=86%,R18*S18*T18*F!$B$86,IF(U18=87%,R18*S18*T18*F!$B$87,IF(U18=88%,R18*S18*T18*F!$B$88,IF(U18=89%,R18*S18*T18*F!$B$89,IF(U18=90%,R18*S18*T18*F!$B$90,IF(U18=91%,R18*S18*T18*F!$B$91,IF(U18=92%,R18*S18*T18*F!$B$92,IF(U18=93%,R18*S18*T18*F!$B$93,IF(U18=94%,R18*S18*T18*F!$B$94,IF(U18=95%,R18*S18*T18*F!$B$95,IF(U18=96%,R18*S18*T18*F!$B$96,IF(U18=97%,R18*S18*T18*F!$B$97,IF(U18=98%,R18*S18*T18*F!$B$98,IF(U18=99%,R18*S18*T18*F!$B$99,IF(U18>99%,R18*S18*T18*F!$B$100)))))))))))))))))))))))))))))))))))))))))))))))))))))))))*IF(ISNUMBER(E18),E18,1)*IF(ISNUMBER(D18),D18,1) -> #REF! | AA18: =G18*H18+K18*L18+O18*P18+S18*T18 -> 48 | AB18: =(H18*(IF(I18<45%,0.5,IF(I18<55%,0.8,IF(I18<65%,0.9,IF(I18<75%,1,IF(I18<85%,1.1,1.2))))))+L18*(IF(M18<45%,0.5,IF(M18<55%,0.8,IF(M18<65%,0.9,IF(M18<75%,1,IF(M18<85%,1.1,1.2))))))+P18*(IF(Q18<45%,0.5,IF(Q18<55%,0.8,IF(Q18<65%,0.9,IF(Q18<75%,1,IF(Q18<85%,1.1,1.2))))))+T18*(IF(U18<45%,0.5,IF(U18<55%,0.8,IF(U18<65%,0.9,IF(U18<75%,1,IF(U18<85%,1.1,1.2)))))))*IF(D18>=0.8,6,IF(D18<=0.4,1.5,3)) -> 12
B19: Средняя | C19: Разведение ног | D19: 0.5 | E19: 5 | F19: =IF(I19<>0,(IFERROR(IF($Y19>50,MROUND($Y19*I19,2.5),IF($Y19<15,MROUND($Y19*I19,0.1),MROUND($Y19*I19,1))),)),"") -> 3.5 | G19: 12 | H19: 1 | I19: 0.35 | J19: =IF(M19<>0,(IFERROR(IF($Y19>50,MROUND($Y19*M19,2.5),IF($Y19<15,MROUND($Y19*M19,0.1),MROUND($Y19*M19,1))),)),"") -> 5.2 | K19: 10 | L19: 3 | M19: 0.52 | N19: =IF(Q19<>0,(IFERROR(IF($Y19>50,MROUND($Y19*Q19,2.5),IF($Y19<15,MROUND($Y19*Q19,0.1),MROUND($Y19*Q19,1))),)),"") | Q19: 0 | R19: =IF(U19<>0,(IFERROR(IF($Y19>50,MROUND($Y19*U19,2.5),IF($Y19<15,MROUND($Y19*U19,0.1),MROUND($Y19*U19,1))),)),"") | U19: 0 | V19: =(IF(ISNUMBER(F19),F19,1)*G19*H19+IF(ISNUMBER(J19),J19,1)*K19*L19+IF(ISNUMBER(N19),N19,1)*O19*P19+IF(ISNUMBER(R19),R19,1)*S19*T19)*IF(ISNUMBER(E19),E19,1) -> 990 | W19: =IFERROR((IF(ISNUMBER(F19),F19,1)*G19*H19+IF(ISNUMBER(J19),J19,1)*K19*L19+IF(ISNUMBER(N19),N19,1)*O19*P19+IF(ISNUMBER(R19),R19,1)*S19*T19)*IF(ISNUMBER(E19),E19,1)/(G19*H19+K19*L19+O19*P19+S19*T19),0) -> 23.571429 | X19: =ROUND(IFERROR((W19/(Y19*IF(ISNUMBER(E19),E19,1))),0),2) -> 0.47 | Y19: 10 | Z19: =(IF(I19<30%,0,IF(I19<35%,F19*G19*H19*F!$B$33,IF(I19<40%,F19*G19*H19*F!$B$38,IF(I19<45%,F19*G19*H19*F!$B$43,IF(I19<50%,F19*G19*H19*F!$B$48,IF(I19=50%,F19*G19*H19*F!$B$50,IF(I19=51%,F19*G19*H19*F!$B$51,IF(I19=52%,F19*G19*H19*F!$B$52,IF(I19=53%,F19*G19*H19*F!$B$53,IF(I19=54%,F19*G19*H19*F!$B$54,IF(I19=55%,F19*G19*H19*F!$B$55,IF(I19=56%,F19*G19*H19*F!$B$56,IF(I19=57%,F19*G19*H19*F!$B$57,IF(I19=58%,F19*G19*H19*F!$B$58,IF(I19=59%,F19*G19*H19*F!$B$59,IF(I19=60%,F19*G19*H19*F!$B$60,IF(I19=61%,F19*G19*H19*F!$B$61,IF(I19=62%,F19*G19*H19*F!$B$62,IF(I19=63%,F19*G19*H19*F!$B$63,IF(I19=64%,F19*G19*H19*F!$B$64,IF(I19=65%,F19*G19*H19*F!$B$65,IF(I19=66%,F19*G19*H19*F!$B$66,IF(I19=67%,F19*G19*H19*F!$B$67,IF(I19=68%,F19*G19*H19*F!$B$68,IF(I19=69%,F19*G19*H19*F!$B$69,IF(I19=70%,F19*G19*H19*F!$B$70,IF(I19=71%,F19*G19*H19*F!$B$71,IF(I19=72%,F19*G19*H19*F!$B$72,IF(I19=73%,F19*G19*H19*F!$B$73,IF(I19=74%,F19*G19*H19*F!$B$74,IF(I19=75%,F19*G19*H19*F!$B$75,IF(I19=76%,F19*G19*H19*F!$B$76,IF(I19=77%,F19*G19*H19*F!$B$77,IF(I19=78%,F19*G19*H19*F!$B$78,IF(I19=79%,F19*G19*H19*F!$B$79,IF(I19=80%,F19*G19*H19*F!$B$80,IF(I19=81%,F19*G19*H19*F!$B$81,IF(I19=82%,F19*G19*H19*F!$B$82,IF(I19=83%,F19*G19*H19*F!$B$83,IF(I19=84%,F19*G19*H19*F!$B$84,IF(I19=85%,F19*G19*H19*F!$B$85,IF(I19=86%,F19*G19*H19*F!$B$86,IF(I19=87%,F19*G19*H19*F!$B$87,IF(I19=88%,F19*G19*H19*F!$B$88,IF(I19=89%,F19*G19*H19*F!$B$89,IF(I19=90%,F19*G19*H19*F!$B$90,IF(I19=91%,F19*G19*H19*F!$B$91,IF(I19=92%,F19*G19*H19*F!$B$92,IF(I19=93%,F19*G19*H19*F!$B$93,IF(I19=94%,F19*G19*H19*F!$B$94,IF(I19=95%,F19*G19*H19*F!$B$95,IF(I19=96%,F19*G19*H19*F!$B$96,IF(I19=97%,F19*G19*H19*F!$B$97,IF(I19=98%,F19*G19*H19*F!$B$98,IF(I19=99%,F19*G19*H19*F!$B$99,IF(I19>99%,F19*G19*H19*F!$B$100,))))))))))))))))))))))))))))))))))))))))))))))))))))))))+IF(M19<30%,0,IF(M19<35%,J19*K19*L19*F!$B$33,IF(M19<40%,J19*K19*L19*F!$B$38,IF(M19<45%,J19*K19*L19*F!$B$43,IF(M19<50%,J19*K19*L19*F!$B$48,IF(M19=50%,J19*K19*L19*F!$B$50,IF(M19=51%,J19*K19*L19*F!$B$51,IF(M19=52%,J19*K19*L19*F!$B$52,IF(M19=53%,J19*K19*L19*F!$B$53,IF(M19=54%,J19*K19*L19*F!$B$54,IF(M19=55%,J19*K19*L19*F!$B$55,IF(M19=56%,J19*K19*L19*F!$B$56,IF(M19=57%,J19*K19*L19*F!$B$57,IF(M19=58%,J19*K19*L19*F!$B$58,IF(M19=59%,J19*K19*L19*F!$B$59,IF(M19=60%,J19*K19*L19*F!$B$60,IF(M19=61%,J19*K19*L19*F!$B$61,IF(M19=62%,J19*K19*L19*F!$B$62,IF(M19=63%,J19*K19*L19*F!$B$63,IF(M19=64%,J19*K19*L19*F!$B$64,IF(M19=65%,J19*K19*L19*F!$B$65,IF(M19=66%,J19*K19*L19*F!$B$66,IF(M19=67%,J19*K19*L19*F!$B$67,IF(M19=68%,J19*K19*L19*F!$B$68,IF(M19=69%,J19*K19*L19*F!$B$69,IF(M19=70%,J19*K19*L19*F!$B$70,IF(M19=71%,J19*K19*L19*F!$B$71,IF(M19=72%,J19*K19*L19*F!$B$72,IF(M19=73%,J19*K19*L19*F!$B$73,IF(M19=74%,J19*K19*L19*F!$B$74,IF(M19=75%,J19*K19*L19*F!$B$75,IF(M19=76%,J19*K19*L19*F!$B$76,IF(M19=77%,J19*K19*L19*F!$B$77,IF(M19=78%,J19*K19*L19*F!$B$78,IF(M19=79%,J19*K19*L19*F!$B$79,IF(M19=80%,J19*K19*L19*F!$B$80,IF(M19=81%,J19*K19*L19*F!$B$81,IF(M19=82%,J19*K19*L19*F!$B$82,IF(M19=83%,J19*K19*L19*F!$B$83,IF(M19=84%,J19*K19*L19*F!$B$84,IF(M19=85%,J19*K19*L19*F!$B$85,IF(M19=86%,J19*K19*L19*F!$B$86,IF(M19=87%,J19*K19*L19*F!$B$87,IF(M19=88%,J19*K19*L19*F!$B$88,IF(M19=89%,J19*K19*L19*F!$B$89,IF(M19=90%,J19*K19*L19*F!$B$90,IF(M19=91%,J19*K19*L19*F!$B$91,IF(M19=92%,J19*K19*L19*F!$B$92,IF(M19=93%,J19*K19*L19*F!$B$93,IF(M19=94%,J19*K19*L19*F!$B$94,IF(M19=95%,J19*K19*L19*F!$B$95,IF(M19=96%,J19*K19*L19*F!$B$96,IF(M19=97%,J19*K19*L19*F!$B$97,IF(M19=98%,J19*K19*L19*F!$B$98,IF(M19=99%,J19*K19*L19*F!$B$99,IF(M19>99%,J19*K19*L19*F!$B$100,))))))))))))))))))))))))))))))))))))))))))))))))))))))))+IF(Q19<30%,0,IF(Q19<35%,N19*O19*P19*F!$B$33,IF(Q19<40%,N19*O19*P19*F!$B$38,IF(Q19<45%,N19*O19*P19*F!$B$43,IF(Q19<50%,N19*O19*P19*F!$B$48,IF(Q19=50%,N19*O19*P19*F!$B$50,IF(Q19=51%,N19*O19*P19*F!$B$51,IF(Q19=52%,N19*O19*P19*F!$B$52,IF(Q19=53%,N19*O19*P19*F!$B$53,IF(Q19=54%,N19*O19*P19*F!$B$54,IF(Q19=55%,N19*O19*P19*F!$B$55,IF(Q19=56%,N19*O19*P19*F!$B$56,IF(Q19=57%,N19*O19*P19*F!$B$57,IF(Q19=58%,N19*O19*P19*F!$B$58,IF(Q19=59%,N19*O19*P19*F!$B$59,IF(Q19=60%,N19*O19*P19*F!$B$60,IF(Q19=61%,N19*O19*P19*F!$B$61,IF(Q19=62%,N19*O19*P19*F!$B$62,IF(Q19=63%,N19*O19*P19*F!$B$63,IF(Q19=64%,N19*O19*P19*F!$B$64,IF(Q19=65%,N19*O19*P19*F!$B$65,IF(Q19=66%,N19*O19*P19*F!$B$66,IF(Q19=67%,N19*O19*P19*F!$B$67,IF(Q19=68%,N19*O19*P19*F!$B$68,IF(Q19=69%,N19*O19*P19*F!$B$69,IF(Q19=70%,N19*O19*P19*F!$B$70,IF(Q19=71%,N19*O19*P19*F!$B$71,IF(Q19=72%,N19*O19*P19*F!$B$72,IF(Q19=73%,N19*O19*P19*F!$B$73,IF(Q19=74%,N19*O19*P19*F!$B$74,IF(Q19=75%,N19*O19*P19*F!$B$75,IF(Q19=76%,N19*O19*P19*F!$B$76,IF(Q19=77%,N19*O19*P19*F!$B$77,IF(Q19=78%,N19*O19*P19*F!$B$78,IF(Q19=79%,N19*O19*P19*F!$B$79,IF(Q19=80%,N19*O19*P19*F!$B$80,IF(Q19=81%,N19*O19*P19*F!$B$81,IF(Q19=82%,N19*O19*P19*F!$B$82,IF(Q19=83%,N19*O19*P19*F!$B$83,IF(Q19=84%,N19*O19*P19*F!$B$84,IF(Q19=85%,N19*O19*P19*F!$B$85,IF(Q19=86%,N19*O19*P19*F!$B$86,IF(Q19=87%,N19*O19*P19*F!$B$87,IF(Q19=88%,N19*O19*P19*F!$B$88,IF(Q19=89%,N19*O19*P19*F!$B$89,IF(Q19=90%,N19*O19*P19*F!$B$90,IF(Q19=91%,N19*O19*P19*F!$B$91,IF(Q19=92%,N19*O19*P19*F!$B$92,IF(Q19=93%,N19*O19*P19*F!$B$93,IF(Q19=94%,N19*O19*P19*F!$B$94,IF(Q19=95%,N19*O19*P19*F!$B$95,IF(Q19=96%,N19*O19*P19*F!$B$96,IF(Q19=97%,N19*O19*P19*F!$B$97,IF(Q19=98%,N19*O19*P19*F!$B$98,IF(Q19=99%,N19*O19*P19*F!$B$99,IF(Q19>99%,N19*O19*P19*F!$B$100,))))))))))))))))))))))))))))))))))))))))))))))))))))))))+IF(U19<30%,0,IF(U19<35%,R19*S19*T19*F!$B$33,IF(U19<40%,R19*S19*T19*F!$B$38,IF(U19<45%,R19*S19*T19*F!$B$43,IF(U19<50%,R19*S19*T19*F!$B$48,IF(U19=50%,R19*S19*T19*F!$B$50,IF(U19=51%,R19*S19*T19*F!$B$51,IF(U19=52%,R19*S19*T19*F!$B$52,IF(U19=53%,R19*S19*T19*F!$B$53,IF(U19=54%,R19*S19*T19*F!$B$54,IF(U19=55%,R19*S19*T19*F!$B$55,IF(U19=56%,R19*S19*T19*F!$B$56,IF(U19=57%,R19*S19*T19*F!$B$57,IF(U19=58%,R19*S19*T19*F!$B$58,IF(U19=59%,R19*S19*T19*F!$B$59,IF(U19=60%,R19*S19*T19*F!$B$60,IF(U19=61%,R19*S19*T19*F!$B$61,IF(U19=62%,R19*S19*T19*F!$B$62,IF(U19=63%,R19*S19*T19*F!$B$63,IF(U19=64%,R19*S19*T19*F!$B$64,IF(U19=65%,R19*S19*T19*F!$B$65,IF(U19=66%,R19*S19*T19*F!$B$66,IF(U19=67%,R19*S19*T19*F!$B$67,IF(U19=68%,R19*S19*T19*F!$B$68,IF(U19=69%,R19*S19*T19*F!$B$69,IF(U19=70%,R19*S19*T19*F!$B$70,IF(U19=71%,R19*S19*T19*F!$B$71,IF(U19=72%,R19*S19*T19*F!$B$72,IF(U19=73%,R19*S19*T19*F!$B$73,IF(U19=74%,R19*S19*T19*F!$B$74,IF(U19=75%,R19*S19*T19*F!$B$75,IF(U19=76%,R19*S19*T19*F!$B$76,IF(U19=77%,R19*S19*T19*F!$B$77,IF(U19=78%,R19*S19*T19*F!$B$78,IF(U19=79%,R19*S19*T19*F!$B$79,IF(U19=80%,R19*S19*T19*F!$B$80,IF(U19=81%,R19*S19*T19*F!$B$81,IF(U19=82%,R19*S19*T19*F!$B$82,IF(U19=83%,R19*S19*T19*F!$B$83,IF(U19=84%,R19*S19*T19*F!$B$84,IF(U19=85%,R19*S19*T19*F!$B$85,IF(U19=86%,R19*S19*T19*F!$B$86,IF(U19=87%,R19*S19*T19*F!$B$87,IF(U19=88%,R19*S19*T19*F!$B$88,IF(U19=89%,R19*S19*T19*F!$B$89,IF(U19=90%,R19*S19*T19*F!$B$90,IF(U19=91%,R19*S19*T19*F!$B$91,IF(U19=92%,R19*S19*T19*F!$B$92,IF(U19=93%,R19*S19*T19*F!$B$93,IF(U19=94%,R19*S19*T19*F!$B$94,IF(U19=95%,R19*S19*T19*F!$B$95,IF(U19=96%,R19*S19*T19*F!$B$96,IF(U19=97%,R19*S19*T19*F!$B$97,IF(U19=98%,R19*S19*T19*F!$B$98,IF(U19=99%,R19*S19*T19*F!$B$99,IF(U19>99%,R19*S19*T19*F!$B$100)))))))))))))))))))))))))))))))))))))))))))))))))))))))))*IF(ISNUMBER(E19),E19,1)*IF(ISNUMBER(D19),D19,1) -> #REF! | AA19: =G19*H19+K19*L19+O19*P19+S19*T19 -> 42 | AB19: =(H19*(IF(I19<45%,0.5,IF(I19<55%,0.8,IF(I19<65%,0.9,IF(I19<75%,1,IF(I19<85%,1.1,1.2))))))+L19*(IF(M19<45%,0.5,IF(M19<55%,0.8,IF(M19<65%,0.9,IF(M19<75%,1,IF(M19<85%,1.1,1.2))))))+P19*(IF(Q19<45%,0.5,IF(Q19<55%,0.8,IF(Q19<65%,0.9,IF(Q19<75%,1,IF(Q19<85%,1.1,1.2))))))+T19*(IF(U19<45%,0.5,IF(U19<55%,0.8,IF(U19<65%,0.9,IF(U19<75%,1,IF(U19<85%,1.1,1.2)))))))*IF(D19>=0.8,6,IF(D19<=0.4,1.5,3)) -> 8.7
B20: Легкая | C20: Жим гантелй лежа | D20: 0.4 | E20: 2 | F20: =IF(I20<>0,(IFERROR(IF($Y20>50,MROUND($Y20*I20,2.5),IF($Y20<15,MROUND($Y20*I20,0.1),MROUND($Y20*I20,1))),)),"") -> 3.6 | G20: 12 | H20: 4 | I20: 0.3 | J20: =IF(M20<>0,(IFERROR(IF($Y20>50,MROUND($Y20*M20,2.5),IF($Y20<15,MROUND($Y20*M20,0.1),MROUND($Y20*M20,1))),)),"") | M20: 0 | N20: =IF(Q20<>0,(IFERROR(IF($Y20>50,MROUND($Y20*Q20,2.5),IF($Y20<15,MROUND($Y20*Q20,0.1),MROUND($Y20*Q20,1))),)),"") | Q20: 0 | R20: =IF(U20<>0,(IFERROR(IF($Y20>50,MROUND($Y20*U20,2.5),IF($Y20<15,MROUND($Y20*U20,0.1),MROUND($Y20*U20,1))),)),"") | U20: 0 | V20: =(IF(ISNUMBER(F20),F20,1)*G20*H20+IF(ISNUMBER(J20),J20,1)*K20*L20+IF(ISNUMBER(N20),N20,1)*O20*P20+IF(ISNUMBER(R20),R20,1)*S20*T20)*IF(ISNUMBER(E20),E20,1) -> 345.6 | W20: =IFERROR((IF(ISNUMBER(F20),F20,1)*G20*H20+IF(ISNUMBER(J20),J20,1)*K20*L20+IF(ISNUMBER(N20),N20,1)*O20*P20+IF(ISNUMBER(R20),R20,1)*S20*T20)*IF(ISNUMBER(E20),E20,1)/(G20*H20+K20*L20+O20*P20+S20*T20),0) -> 7.2 | X20: =ROUND(IFERROR((W20/(Y20*IF(ISNUMBER(E20),E20,1))),0),2) -> 0.3 | Y20: 12 | Z20: =(IF(I20<30%,0,IF(I20<35%,F20*G20*H20*F!$B$33,IF(I20<40%,F20*G20*H20*F!$B$38,IF(I20<45%,F20*G20*H20*F!$B$43,IF(I20<50%,F20*G20*H20*F!$B$48,IF(I20=50%,F20*G20*H20*F!$B$50,IF(I20=51%,F20*G20*H20*F!$B$51,IF(I20=52%,F20*G20*H20*F!$B$52,IF(I20=53%,F20*G20*H20*F!$B$53,IF(I20=54%,F20*G20*H20*F!$B$54,IF(I20=55%,F20*G20*H20*F!$B$55,IF(I20=56%,F20*G20*H20*F!$B$56,IF(I20=57%,F20*G20*H20*F!$B$57,IF(I20=58%,F20*G20*H20*F!$B$58,IF(I20=59%,F20*G20*H20*F!$B$59,IF(I20=60%,F20*G20*H20*F!$B$60,IF(I20=61%,F20*G20*H20*F!$B$61,IF(I20=62%,F20*G20*H20*F!$B$62,IF(I20=63%,F20*G20*H20*F!$B$63,IF(I20=64%,F20*G20*H20*F!$B$64,IF(I20=65%,F20*G20*H20*F!$B$65,IF(I20=66%,F20*G20*H20*F!$B$66,IF(I20=67%,F20*G20*H20*F!$B$67,IF(I20=68%,F20*G20*H20*F!$B$68,IF(I20=69%,F20*G20*H20*F!$B$69,IF(I20=70%,F20*G20*H20*F!$B$70,IF(I20=71%,F20*G20*H20*F!$B$71,IF(I20=72%,F20*G20*H20*F!$B$72,IF(I20=73%,F20*G20*H20*F!$B$73,IF(I20=74%,F20*G20*H20*F!$B$74,IF(I20=75%,F20*G20*H20*F!$B$75,IF(I20=76%,F20*G20*H20*F!$B$76,IF(I20=77%,F20*G20*H20*F!$B$77,IF(I20=78%,F20*G20*H20*F!$B$78,IF(I20=79%,F20*G20*H20*F!$B$79,IF(I20=80%,F20*G20*H20*F!$B$80,IF(I20=81%,F20*G20*H20*F!$B$81,IF(I20=82%,F20*G20*H20*F!$B$82,IF(I20=83%,F20*G20*H20*F!$B$83,IF(I20=84%,F20*G20*H20*F!$B$84,IF(I20=85%,F20*G20*H20*F!$B$85,IF(I20=86%,F20*G20*H20*F!$B$86,IF(I20=87%,F20*G20*H20*F!$B$87,IF(I20=88%,F20*G20*H20*F!$B$88,IF(I20=89%,F20*G20*H20*F!$B$89,IF(I20=90%,F20*G20*H20*F!$B$90,IF(I20=91%,F20*G20*H20*F!$B$91,IF(I20=92%,F20*G20*H20*F!$B$92,IF(I20=93%,F20*G20*H20*F!$B$93,IF(I20=94%,F20*G20*H20*F!$B$94,IF(I20=95%,F20*G20*H20*F!$B$95,IF(I20=96%,F20*G20*H20*F!$B$96,IF(I20=97%,F20*G20*H20*F!$B$97,IF(I20=98%,F20*G20*H20*F!$B$98,IF(I20=99%,F20*G20*H20*F!$B$99,IF(I20>99%,F20*G20*H20*F!$B$100,))))))))))))))))))))))))))))))))))))))))))))))))))))))))+IF(M20<30%,0,IF(M20<35%,J20*K20*L20*F!$B$33,IF(M20<40%,J20*K20*L20*F!$B$38,IF(M20<45%,J20*K20*L20*F!$B$43,IF(M20<50%,J20*K20*L20*F!$B$48,IF(M20=50%,J20*K20*L20*F!$B$50,IF(M20=51%,J20*K20*L20*F!$B$51,IF(M20=52%,J20*K20*L20*F!$B$52,IF(M20=53%,J20*K20*L20*F!$B$53,IF(M20=54%,J20*K20*L20*F!$B$54,IF(M20=55%,J20*K20*L20*F!$B$55,IF(M20=56%,J20*K20*L20*F!$B$56,IF(M20=57%,J20*K20*L20*F!$B$57,IF(M20=58%,J20*K20*L20*F!$B$58,IF(M20=59%,J20*K20*L20*F!$B$59,IF(M20=60%,J20*K20*L20*F!$B$60,IF(M20=61%,J20*K20*L20*F!$B$61,IF(M20=62%,J20*K20*L20*F!$B$62,IF(M20=63%,J20*K20*L20*F!$B$63,IF(M20=64%,J20*K20*L20*F!$B$64,IF(M20=65%,J20*K20*L20*F!$B$65,IF(M20=66%,J20*K20*L20*F!$B$66,IF(M20=67%,J20*K20*L20*F!$B$67,IF(M20=68%,J20*K20*L20*F!$B$68,IF(M20=69%,J20*K20*L20*F!$B$69,IF(M20=70%,J20*K20*L20*F!$B$70,IF(M20=71%,J20*K20*L20*F!$B$71,IF(M20=72%,J20*K20*L20*F!$B$72,IF(M20=73%,J20*K20*L20*F!$B$73,IF(M20=74%,J20*K20*L20*F!$B$74,IF(M20=75%,J20*K20*L20*F!$B$75,IF(M20=76%,J20*K20*L20*F!$B$76,IF(M20=77%,J20*K20*L20*F!$B$77,IF(M20=78%,J20*K20*L20*F!$B$78,IF(M20=79%,J20*K20*L20*F!$B$79,IF(M20=80%,J20*K20*L20*F!$B$80,IF(M20=81%,J20*K20*L20*F!$B$81,IF(M20=82%,J20*K20*L20*F!$B$82,IF(M20=83%,J20*K20*L20*F!$B$83,IF(M20=84%,J20*K20*L20*F!$B$84,IF(M20=85%,J20*K20*L20*F!$B$85,IF(M20=86%,J20*K20*L20*F!$B$86,IF(M20=87%,J20*K20*L20*F!$B$87,IF(M20=88%,J20*K20*L20*F!$B$88,IF(M20=89%,J20*K20*L20*F!$B$89,IF(M20=90%,J20*K20*L20*F!$B$90,IF(M20=91%,J20*K20*L20*F!$B$91,IF(M20=92%,J20*K20*L20*F!$B$92,IF(M20=93%,J20*K20*L20*F!$B$93,IF(M20=94%,J20*K20*L20*F!$B$94,IF(M20=95%,J20*K20*L20*F!$B$95,IF(M20=96%,J20*K20*L20*F!$B$96,IF(M20=97%,J20*K20*L20*F!$B$97,IF(M20=98%,J20*K20*L20*F!$B$98,IF(M20=99%,J20*K20*L20*F!$B$99,IF(M20>99%,J20*K20*L20*F!$B$100,))))))))))))))))))))))))))))))))))))))))))))))))))))))))+IF(Q20<30%,0,IF(Q20<35%,N20*O20*P20*F!$B$33,IF(Q20<40%,N20*O20*P20*F!$B$38,IF(Q20<45%,N20*O20*P20*F!$B$43,IF(Q20<50%,N20*O20*P20*F!$B$48,IF(Q20=50%,N20*O20*P20*F!$B$50,IF(Q20=51%,N20*O20*P20*F!$B$51,IF(Q20=52%,N20*O20*P20*F!$B$52,IF(Q20=53%,N20*O20*P20*F!$B$53,IF(Q20=54%,N20*O20*P20*F!$B$54,IF(Q20=55%,N20*O20*P20*F!$B$55,IF(Q20=56%,N20*O20*P20*F!$B$56,IF(Q20=57%,N20*O20*P20*F!$B$57,IF(Q20=58%,N20*O20*P20*F!$B$58,IF(Q20=59%,N20*O20*P20*F!$B$59,IF(Q20=60%,N20*O20*P20*F!$B$60,IF(Q20=61%,N20*O20*P20*F!$B$61,IF(Q20=62%,N20*O20*P20*F!$B$62,IF(Q20=63%,N20*O20*P20*F!$B$63,IF(Q20=64%,N20*O20*P20*F!$B$64,IF(Q20=65%,N20*O20*P20*F!$B$65,IF(Q20=66%,N20*O20*P20*F!$B$66,IF(Q20=67%,N20*O20*P20*F!$B$67,IF(Q20=68%,N20*O20*P20*F!$B$68,IF(Q20=69%,N20*O20*P20*F!$B$69,IF(Q20=70%,N20*O20*P20*F!$B$70,IF(Q20=71%,N20*O20*P20*F!$B$71,IF(Q20=72%,N20*O20*P20*F!$B$72,IF(Q20=73%,N20*O20*P20*F!$B$73,IF(Q20=74%,N20*O20*P20*F!$B$74,IF(Q20=75%,N20*O20*P20*F!$B$75,IF(Q20=76%,N20*O20*P20*F!$B$76,IF(Q20=77%,N20*O20*P20*F!$B$77,IF(Q20=78%,N20*O20*P20*F!$B$78,IF(Q20=79%,N20*O20*P20*F!$B$79,IF(Q20=80%,N20*O20*P20*F!$B$80,IF(Q20=81%,N20*O20*P20*F!$B$81,IF(Q20=82%,N20*O20*P20*F!$B$82,IF(Q20=83%,N20*O20*P20*F!$B$83,IF(Q20=84%,N20*O20*P20*F!$B$84,IF(Q20=85%,N20*O20*P20*F!$B$85,IF(Q20=86%,N20*O20*P20*F!$B$86,IF(Q20=87%,N20*O20*P20*F!$B$87,IF(Q20=88%,N20*O20*P20*F!$B$88,IF(Q20=89%,N20*O20*P20*F!$B$89,IF(Q20=90%,N20*O20*P20*F!$B$90,IF(Q20=91%,N20*O20*P20*F!$B$91,IF(Q20=92%,N20*O20*P20*F!$B$92,IF(Q20=93%,N20*O20*P20*F!$B$93,IF(Q20=94%,N20*O20*P20*F!$B$94,IF(Q20=95%,N20*O20*P20*F!$B$95,IF(Q20=96%,N20*O20*P20*F!$B$96,IF(Q20=97%,N20*O20*P20*F!$B$97,IF(Q20=98%,N20*O20*P20*F!$B$98,IF(Q20=99%,N20*O20*P20*F!$B$99,IF(Q20>99%,N20*O20*P20*F!$B$100,))))))))))))))))))))))))))))))))))))))))))))))))))))))))+IF(U20<30%,0,IF(U20<35%,R20*S20*T20*F!$B$33,IF(U20<40%,R20*S20*T20*F!$B$38,IF(U20<45%,R20*S20*T20*F!$B$43,IF(U20<50%,R20*S20*T20*F!$B$48,IF(U20=50%,R20*S20*T20*F!$B$50,IF(U20=51%,R20*S20*T20*F!$B$51,IF(U20=52%,R20*S20*T20*F!$B$52,IF(U20=53%,R20*S20*T20*F!$B$53,IF(U20=54%,R20*S20*T20*F!$B$54,IF(U20=55%,R20*S20*T20*F!$B$55,IF(U20=56%,R20*S20*T20*F!$B$56,IF(U20=57%,R20*S20*T20*F!$B$57,IF(U20=58%,R20*S20*T20*F!$B$58,IF(U20=59%,R20*S20*T20*F!$B$59,IF(U20=60%,R20*S20*T20*F!$B$60,IF(U20=61%,R20*S20*T20*F!$B$61,IF(U20=62%,R20*S20*T20*F!$B$62,IF(U20=63%,R20*S20*T20*F!$B$63,IF(U20=64%,R20*S20*T20*F!$B$64,IF(U20=65%,R20*S20*T20*F!$B$65,IF(U20=66%,R20*S20*T20*F!$B$66,IF(U20=67%,R20*S20*T20*F!$B$67,IF(U20=68%,R20*S20*T20*F!$B$68,IF(U20=69%,R20*S20*T20*F!$B$69,IF(U20=70%,R20*S20*T20*F!$B$70,IF(U20=71%,R20*S20*T20*F!$B$71,IF(U20=72%,R20*S20*T20*F!$B$72,IF(U20=73%,R20*S20*T20*F!$B$73,IF(U20=74%,R20*S20*T20*F!$B$74,IF(U20=75%,R20*S20*T20*F!$B$75,IF(U20=76%,R20*S20*T20*F!$B$76,IF(U20=77%,R20*S20*T20*F!$B$77,IF(U20=78%,R20*S20*T20*F!$B$78,IF(U20=79%,R20*S20*T20*F!$B$79,IF(U20=80%,R20*S20*T20*F!$B$80,IF(U20=81%,R20*S20*T20*F!$B$81,IF(U20=82%,R20*S20*T20*F!$B$82,IF(U20=83%,R20*S20*T20*F!$B$83,IF(U20=84%,R20*S20*T20*F!$B$84,IF(U20=85%,R20*S20*T20*F!$B$85,IF(U20=86%,R20*S20*T20*F!$B$86,IF(U20=87%,R20*S20*T20*F!$B$87,IF(U20=88%,R20*S20*T20*F!$B$88,IF(U20=89%,R20*S20*T20*F!$B$89,IF(U20=90%,R20*S20*T20*F!$B$90,IF(U20=91%,R20*S20*T20*F!$B$91,IF(U20=92%,R20*S20*T20*F!$B$92,IF(U20=93%,R20*S20*T20*F!$B$93,IF(U20=94%,R20*S20*T20*F!$B$94,IF(U20=95%,R20*S20*T20*F!$B$95,IF(U20=96%,R20*S20*T20*F!$B$96,IF(U20=97%,R20*S20*T20*F!$B$97,IF(U20=98%,R20*S20*T20*F!$B$98,IF(U20=99%,R20*S20*T20*F!$B$99,IF(U20>99%,R20*S20*T20*F!$B$100)))))))))))))))))))))))))))))))))))))))))))))))))))))))))*IF(ISNUMBER(E20),E20,1)*IF(ISNUMBER(D20),D20,1) -> #REF! | AA20: =G20*H20+K20*L20+O20*P20+S20*T20 -> 48 | AB20: =(H20*(IF(I20<45%,0.5,IF(I20<55%,0.8,IF(I20<65%,0.9,IF(I20<75%,1,IF(I20<85%,1.1,1.2))))))+L20*(IF(M20<45%,0.5,IF(M20<55%,0.8,IF(M20<65%,0.9,IF(M20<75%,1,IF(M20<85%,1.1,1.2))))))+P20*(IF(Q20<45%,0.5,IF(Q20<55%,0.8,IF(Q20<65%,0.9,IF(Q20<75%,1,IF(Q20<85%,1.1,1.2))))))+T20*(IF(U20<45%,0.5,IF(U20<55%,0.8,IF(U20<65%,0.9,IF(U20<75%,1,IF(U20<85%,1.1,1.2)))))))*IF(D20>=0.8,6,IF(D20<=0.4,1.5,3)) -> 3
B21: Тяжелая | C21: Ходьба выпадами | D21: 0.4 | E21: 2 | F21: =IF(I21<>0,(IFERROR(IF($Y21>50,MROUND($Y21*I21,2.5),IF($Y21<15,MROUND($Y21*I21,0.1),MROUND($Y21*I21,1))),)),"") -> 7 | G21: 10 | H21: 1 | I21: 0.45 | J21: =IF(M21<>0,(IFERROR(IF($Y21>50,MROUND($Y21*M21,2.5),IF($Y21<15,MROUND($Y21*M21,0.1),MROUND($Y21*M21,1))),)),"") -> 8 | K21: 10 | L21: 1 | M21: 0.55 | N21: =IF(Q21<>0,(IFERROR(IF($Y21>50,MROUND($Y21*Q21,2.5),IF($Y21<15,MROUND($Y21*Q21,0.1),MROUND($Y21*Q21,1))),)),"") -> 10 | O21: 10 | P21: 3 | Q21: 0.65 | R21: =IF(U21<>0,(IFERROR(IF($Y21>50,MROUND($Y21*U21,2.5),IF($Y21<15,MROUND($Y21*U21,0.1),MROUND($Y21*U21,1))),)),"") | U21: 0 | V21: =(IF(ISNUMBER(F21),F21,1)*G21*H21+IF(ISNUMBER(J21),J21,1)*K21*L21+IF(ISNUMBER(N21),N21,1)*O21*P21+IF(ISNUMBER(R21),R21,1)*S21*T21)*IF(ISNUMBER(E21),E21,1) -> 900 | W21: =IFERROR((IF(ISNUMBER(F21),F21,1)*G21*H21+IF(ISNUMBER(J21),J21,1)*K21*L21+IF(ISNUMBER(N21),N21,1)*O21*P21+IF(ISNUMBER(R21),R21,1)*S21*T21)*IF(ISNUMBER(E21),E21,1)/(G21*H21+K21*L21+O21*P21+S21*T21),0) -> 18 | X21: =ROUND(IFERROR((W21/(Y21*IF(ISNUMBER(E21),E21,1))),0),2) -> 0.6 | Y21: 15 | Z21: =(IF(I21<30%,0,IF(I21<35%,F21*G21*H21*F!$B$33,IF(I21<40%,F21*G21*H21*F!$B$38,IF(I21<45%,F21*G21*H21*F!$B$43,IF(I21<50%,F21*G21*H21*F!$B$48,IF(I21=50%,F21*G21*H21*F!$B$50,IF(I21=51%,F21*G21*H21*F!$B$51,IF(I21=52%,F21*G21*H21*F!$B$52,IF(I21=53%,F21*G21*H21*F!$B$53,IF(I21=54%,F21*G21*H21*F!$B$54,IF(I21=55%,F21*G21*H21*F!$B$55,IF(I21=56%,F21*G21*H21*F!$B$56,IF(I21=57%,F21*G21*H21*F!$B$57,IF(I21=58%,F21*G21*H21*F!$B$58,IF(I21=59%,F21*G21*H21*F!$B$59,IF(I21=60%,F21*G21*H21*F!$B$60,IF(I21=61%,F21*G21*H21*F!$B$61,IF(I21=62%,F21*G21*H21*F!$B$62,IF(I21=63%,F21*G21*H21*F!$B$63,IF(I21=64%,F21*G21*H21*F!$B$64,IF(I21=65%,F21*G21*H21*F!$B$65,IF(I21=66%,F21*G21*H21*F!$B$66,IF(I21=67%,F21*G21*H21*F!$B$67,IF(I21=68%,F21*G21*H21*F!$B$68,IF(I21=69%,F21*G21*H21*F!$B$69,IF(I21=70%,F21*G21*H21*F!$B$70,IF(I21=71%,F21*G21*H21*F!$B$71,IF(I21=72%,F21*G21*H21*F!$B$72,IF(I21=73%,F21*G21*H21*F!$B$73,IF(I21=74%,F21*G21*H21*F!$B$74,IF(I21=75%,F21*G21*H21*F!$B$75,IF(I21=76%,F21*G21*H21*F!$B$76,IF(I21=77%,F21*G21*H21*F!$B$77,IF(I21=78%,F21*G21*H21*F!$B$78,IF(I21=79%,F21*G21*H21*F!$B$79,IF(I21=80%,F21*G21*H21*F!$B$80,IF(I21=81%,F21*G21*H21*F!$B$81,IF(I21=82%,F21*G21*H21*F!$B$82,IF(I21=83%,F21*G21*H21*F!$B$83,IF(I21=84%,F21*G21*H21*F!$B$84,IF(I21=85%,F21*G21*H21*F!$B$85,IF(I21=86%,F21*G21*H21*F!$B$86,IF(I21=87%,F21*G21*H21*F!$B$87,IF(I21=88%,F21*G21*H21*F!$B$88,IF(I21=89%,F21*G21*H21*F!$B$89,IF(I21=90%,F21*G21*H21*F!$B$90,IF(I21=91%,F21*G21*H21*F!$B$91,IF(I21=92%,F21*G21*H21*F!$B$92,IF(I21=93%,F21*G21*H21*F!$B$93,IF(I21=94%,F21*G21*H21*F!$B$94,IF(I21=95%,F21*G21*H21*F!$B$95,IF(I21=96%,F21*G21*H21*F!$B$96,IF(I21=97%,F21*G21*H21*F!$B$97,IF(I21=98%,F21*G21*H21*F!$B$98,IF(I21=99%,F21*G21*H21*F!$B$99,IF(I21>99%,F21*G21*H21*F!$B$100,))))))))))))))))))))))))))))))))))))))))))))))))))))))))+IF(M21<30%,0,IF(M21<35%,J21*K21*L21*F!$B$33,IF(M21<40%,J21*K21*L21*F!$B$38,IF(M21<45%,J21*K21*L21*F!$B$43,IF(M21<50%,J21*K21*L21*F!$B$48,IF(M21=50%,J21*K21*L21*F!$B$50,IF(M21=51%,J21*K21*L21*F!$B$51,IF(M21=52%,J21*K21*L21*F!$B$52,IF(M21=53%,J21*K21*L21*F!$B$53,IF(M21=54%,J21*K21*L21*F!$B$54,IF(M21=55%,J21*K21*L21*F!$B$55,IF(M21=56%,J21*K21*L21*F!$B$56,IF(M21=57%,J21*K21*L21*F!$B$57,IF(M21=58%,J21*K21*L21*F!$B$58,IF(M21=59%,J21*K21*L21*F!$B$59,IF(M21=60%,J21*K21*L21*F!$B$60,IF(M21=61%,J21*K21*L21*F!$B$61,IF(M21=62%,J21*K21*L21*F!$B$62,IF(M21=63%,J21*K21*L21*F!$B$63,IF(M21=64%,J21*K21*L21*F!$B$64,IF(M21=65%,J21*K21*L21*F!$B$65,IF(M21=66%,J21*K21*L21*F!$B$66,IF(M21=67%,J21*K21*L21*F!$B$67,IF(M21=68%,J21*K21*L21*F!$B$68,IF(M21=69%,J21*K21*L21*F!$B$69,IF(M21=70%,J21*K21*L21*F!$B$70,IF(M21=71%,J21*K21*L21*F!$B$71,IF(M21=72%,J21*K21*L21*F!$B$72,IF(M21=73%,J21*K21*L21*F!$B$73,IF(M21=74%,J21*K21*L21*F!$B$74,IF(M21=75%,J21*K21*L21*F!$B$75,IF(M21=76%,J21*K21*L21*F!$B$76,IF(M21=77%,J21*K21*L21*F!$B$77,IF(M21=78%,J21*K21*L21*F!$B$78,IF(M21=79%,J21*K21*L21*F!$B$79,IF(M21=80%,J21*K21*L21*F!$B$80,IF(M21=81%,J21*K21*L21*F!$B$81,IF(M21=82%,J21*K21*L21*F!$B$82,IF(M21=83%,J21*K21*L21*F!$B$83,IF(M21=84%,J21*K21*L21*F!$B$84,IF(M21=85%,J21*K21*L21*F!$B$85,IF(M21=86%,J21*K21*L21*F!$B$86,IF(M21=87%,J21*K21*L21*F!$B$87,IF(M21=88%,J21*K21*L21*F!$B$88,IF(M21=89%,J21*K21*L21*F!$B$89,IF(M21=90%,J21*K21*L21*F!$B$90,IF(M21=91%,J21*K21*L21*F!$B$91,IF(M21=92%,J21*K21*L21*F!$B$92,IF(M21=93%,J21*K21*L21*F!$B$93,IF(M21=94%,J21*K21*L21*F!$B$94,IF(M21=95%,J21*K21*L21*F!$B$95,IF(M21=96%,J21*K21*L21*F!$B$96,IF(M21=97%,J21*K21*L21*F!$B$97,IF(M21=98%,J21*K21*L21*F!$B$98,IF(M21=99%,J21*K21*L21*F!$B$99,IF(M21>99%,J21*K21*L21*F!$B$100,))))))))))))))))))))))))))))))))))))))))))))))))))))))))+IF(Q21<30%,0,IF(Q21<35%,N21*O21*P21*F!$B$33,IF(Q21<40%,N21*O21*P21*F!$B$38,IF(Q21<45%,N21*O21*P21*F!$B$43,IF(Q21<50%,N21*O21*P21*F!$B$48,IF(Q21=50%,N21*O21*P21*F!$B$50,IF(Q21=51%,N21*O21*P21*F!$B$51,IF(Q21=52%,N21*O21*P21*F!$B$52,IF(Q21=53%,N21*O21*P21*F!$B$53,IF(Q21=54%,N21*O21*P21*F!$B$54,IF(Q21=55%,N21*O21*P21*F!$B$55,IF(Q21=56%,N21*O21*P21*F!$B$56,IF(Q21=57%,N21*O21*P21*F!$B$57,IF(Q21=58%,N21*O21*P21*F!$B$58,IF(Q21=59%,N21*O21*P21*F!$B$59,IF(Q21=60%,N21*O21*P21*F!$B$60,IF(Q21=61%,N21*O21*P21*F!$B$61,IF(Q21=62%,N21*O21*P21*F!$B$62,IF(Q21=63%,N21*O21*P21*F!$B$63,IF(Q21=64%,N21*O21*P21*F!$B$64,IF(Q21=65%,N21*O21*P21*F!$B$65,IF(Q21=66%,N21*O21*P21*F!$B$66,IF(Q21=67%,N21*O21*P21*F!$B$67,IF(Q21=68%,N21*O21*P21*F!$B$68,IF(Q21=69%,N21*O21*P21*F!$B$69,IF(Q21=70%,N21*O21*P21*F!$B$70,IF(Q21=71%,N21*O21*P21*F!$B$71,IF(Q21=72%,N21*O21*P21*F!$B$72,IF(Q21=73%,N21*O21*P21*F!$B$73,IF(Q21=74%,N21*O21*P21*F!$B$74,IF(Q21=75%,N21*O21*P21*F!$B$75,IF(Q21=76%,N21*O21*P21*F!$B$76,IF(Q21=77%,N21*O21*P21*F!$B$77,IF(Q21=78%,N21*O21*P21*F!$B$78,IF(Q21=79%,N21*O21*P21*F!$B$79,IF(Q21=80%,N21*O21*P21*F!$B$80,IF(Q21=81%,N21*O21*P21*F!$B$81,IF(Q21=82%,N21*O21*P21*F!$B$82,IF(Q21=83%,N21*O21*P21*F!$B$83,IF(Q21=84%,N21*O21*P21*F!$B$84,IF(Q21=85%,N21*O21*P21*F!$B$85,IF(Q21=86%,N21*O21*P21*F!$B$86,IF(Q21=87%,N21*O21*P21*F!$B$87,IF(Q21=88%,N21*O21*P21*F!$B$88,IF(Q21=89%,N21*O21*P21*F!$B$89,IF(Q21=90%,N21*O21*P21*F!$B$90,IF(Q21=91%,N21*O21*P21*F!$B$91,IF(Q21=92%,N21*O21*P21*F!$B$92,IF(Q21=93%,N21*O21*P21*F!$B$93,IF(Q21=94%,N21*O21*P21*F!$B$94,IF(Q21=95%,N21*O21*P21*F!$B$95,IF(Q21=96%,N21*O21*P21*F!$B$96,IF(Q21=97%,N21*O21*P21*F!$B$97,IF(Q21=98%,N21*O21*P21*F!$B$98,IF(Q21=99%,N21*O21*P21*F!$B$99,IF(Q21>99%,N21*O21*P21*F!$B$100,))))))))))))))))))))))))))))))))))))))))))))))))))))))))+IF(U21<30%,0,IF(U21<35%,R21*S21*T21*F!$B$33,IF(U21<40%,R21*S21*T21*F!$B$38,IF(U21<45%,R21*S21*T21*F!$B$43,IF(U21<50%,R21*S21*T21*F!$B$48,IF(U21=50%,R21*S21*T21*F!$B$50,IF(U21=51%,R21*S21*T21*F!$B$51,IF(U21=52%,R21*S21*T21*F!$B$52,IF(U21=53%,R21*S21*T21*F!$B$53,IF(U21=54%,R21*S21*T21*F!$B$54,IF(U21=55%,R21*S21*T21*F!$B$55,IF(U21=56%,R21*S21*T21*F!$B$56,IF(U21=57%,R21*S21*T21*F!$B$57,IF(U21=58%,R21*S21*T21*F!$B$58,IF(U21=59%,R21*S21*T21*F!$B$59,IF(U21=60%,R21*S21*T21*F!$B$60,IF(U21=61%,R21*S21*T21*F!$B$61,IF(U21=62%,R21*S21*T21*F!$B$62,IF(U21=63%,R21*S21*T21*F!$B$63,IF(U21=64%,R21*S21*T21*F!$B$64,IF(U21=65%,R21*S21*T21*F!$B$65,IF(U21=66%,R21*S21*T21*F!$B$66,IF(U21=67%,R21*S21*T21*F!$B$67,IF(U21=68%,R21*S21*T21*F!$B$68,IF(U21=69%,R21*S21*T21*F!$B$69,IF(U21=70%,R21*S21*T21*F!$B$70,IF(U21=71%,R21*S21*T21*F!$B$71,IF(U21=72%,R21*S21*T21*F!$B$72,IF(U21=73%,R21*S21*T21*F!$B$73,IF(U21=74%,R21*S21*T21*F!$B$74,IF(U21=75%,R21*S21*T21*F!$B$75,IF(U21=76%,R21*S21*T21*F!$B$76,IF(U21=77%,R21*S21*T21*F!$B$77,IF(U21=78%,R21*S21*T21*F!$B$78,IF(U21=79%,R21*S21*T21*F!$B$79,IF(U21=80%,R21*S21*T21*F!$B$80,IF(U21=81%,R21*S21*T21*F!$B$81,IF(U21=82%,R21*S21*T21*F!$B$82,IF(U21=83%,R21*S21*T21*F!$B$83,IF(U21=84%,R21*S21*T21*F!$B$84,IF(U21=85%,R21*S21*T21*F!$B$85,IF(U21=86%,R21*S21*T21*F!$B$86,IF(U21=87%,R21*S21*T21*F!$B$87,IF(U21=88%,R21*S21*T21*F!$B$88,IF(U21=89%,R21*S21*T21*F!$B$89,IF(U21=90%,R21*S21*T21*F!$B$90,IF(U21=91%,R21*S21*T21*F!$B$91,IF(U21=92%,R21*S21*T21*F!$B$92,IF(U21=93%,R21*S21*T21*F!$B$93,IF(U21=94%,R21*S21*T21*F!$B$94,IF(U21=95%,R21*S21*T21*F!$B$95,IF(U21=96%,R21*S21*T21*F!$B$96,IF(U21=97%,R21*S21*T21*F!$B$97,IF(U21=98%,R21*S21*T21*F!$B$98,IF(U21=99%,R21*S21*T21*F!$B$99,IF(U21>99%,R21*S21*T21*F!$B$100)))))))))))))))))))))))))))))))))))))))))))))))))))))))))*IF(ISNUMBER(E21),E21,1)*IF(ISNUMBER(D21),D21,1) -> #REF! | AA21: =G21*H21+K21*L21+O21*P21+S21*T21 -> 50 | AB21: =(H21*(IF(I21<45%,0.5,IF(I21<55%,0.8,IF(I21<65%,0.9,IF(I21<75%,1,IF(I21<85%,1.1,1.2))))))+L21*(IF(M21<45%,0.5,IF(M21<55%,0.8,IF(M21<65%,0.9,IF(M21<75%,1,IF(M21<85%,1.1,1.2))))))+P21*(IF(Q21<45%,0.5,IF(Q21<55%,0.8,IF(Q21<65%,0.9,IF(Q21<75%,1,IF(Q21<85%,1.1,1.2))))))+T21*(IF(U21<45%,0.5,IF(U21<55%,0.8,IF(U21<65%,0.9,IF(U21<75%,1,IF(U21<85%,1.1,1.2)))))))*IF(D21>=0.8,6,IF(D21<=0.4,1.5,3)) -> 7.05
B22: Средняя | C22: Гиперэкстензия на ягодицы | D22: 0.4 | F22: =IF(I22<>0,(IFERROR(IF($Y22>50,MROUND($Y22*I22,2.5),IF($Y22<15,MROUND($Y22*I22,0.1),MROUND($Y22*I22,1))),)),"") -> 12 | G22: 12 | H22: 1 | I22: 0.4 | J22: =IF(M22<>0,(IFERROR(IF($Y22>50,MROUND($Y22*M22,2.5),IF($Y22<15,MROUND($Y22*M22,0.1),MROUND($Y22*M22,1))),)),"") -> 15 | K22: 12 | L22: 3 | M22: 0.5 | N22: =IF(Q22<>0,(IFERROR(IF($Y22>50,MROUND($Y22*Q22,2.5),IF($Y22<15,MROUND($Y22*Q22,0.1),MROUND($Y22*Q22,1))),)),"") | Q22: 0 | R22: =IF(U22<>0,(IFERROR(IF($Y22>50,MROUND($Y22*U22,2.5),IF($Y22<15,MROUND($Y22*U22,0.1),MROUND($Y22*U22,1))),)),"") | U22: 0 | V22: =(IF(ISNUMBER(F22),F22,1)*G22*H22+IF(ISNUMBER(J22),J22,1)*K22*L22+IF(ISNUMBER(N22),N22,1)*O22*P22+IF(ISNUMBER(R22),R22,1)*S22*T22)*IF(ISNUMBER(E22),E22,1) -> 684 | W22: =IFERROR((IF(ISNUMBER(F22),F22,1)*G22*H22+IF(ISNUMBER(J22),J22,1)*K22*L22+IF(ISNUMBER(N22),N22,1)*O22*P22+IF(ISNUMBER(R22),R22,1)*S22*T22)*IF(ISNUMBER(E22),E22,1)/(G22*H22+K22*L22+O22*P22+S22*T22),0) -> 14.25 | X22: =ROUND(IFERROR((W22/(Y22*IF(ISNUMBER(E22),E22,1))),0),2) -> 0.48 | Y22: 30 | Z22: =(IF(I22<30%,0,IF(I22<35%,F22*G22*H22*F!$B$33,IF(I22<40%,F22*G22*H22*F!$B$38,IF(I22<45%,F22*G22*H22*F!$B$43,IF(I22<50%,F22*G22*H22*F!$B$48,IF(I22=50%,F22*G22*H22*F!$B$50,IF(I22=51%,F22*G22*H22*F!$B$51,IF(I22=52%,F22*G22*H22*F!$B$52,IF(I22=53%,F22*G22*H22*F!$B$53,IF(I22=54%,F22*G22*H22*F!$B$54,IF(I22=55%,F22*G22*H22*F!$B$55,IF(I22=56%,F22*G22*H22*F!$B$56,IF(I22=57%,F22*G22*H22*F!$B$57,IF(I22=58%,F22*G22*H22*F!$B$58,IF(I22=59%,F22*G22*H22*F!$B$59,IF(I22=60%,F22*G22*H22*F!$B$60,IF(I22=61%,F22*G22*H22*F!$B$61,IF(I22=62%,F22*G22*H22*F!$B$62,IF(I22=63%,F22*G22*H22*F!$B$63,IF(I22=64%,F22*G22*H22*F!$B$64,IF(I22=65%,F22*G22*H22*F!$B$65,IF(I22=66%,F22*G22*H22*F!$B$66,IF(I22=67%,F22*G22*H22*F!$B$67,IF(I22=68%,F22*G22*H22*F!$B$68,IF(I22=69%,F22*G22*H22*F!$B$69,IF(I22=70%,F22*G22*H22*F!$B$70,IF(I22=71%,F22*G22*H22*F!$B$71,IF(I22=72%,F22*G22*H22*F!$B$72,IF(I22=73%,F22*G22*H22*F!$B$73,IF(I22=74%,F22*G22*H22*F!$B$74,IF(I22=75%,F22*G22*H22*F!$B$75,IF(I22=76%,F22*G22*H22*F!$B$76,IF(I22=77%,F22*G22*H22*F!$B$77,IF(I22=78%,F22*G22*H22*F!$B$78,IF(I22=79%,F22*G22*H22*F!$B$79,IF(I22=80%,F22*G22*H22*F!$B$80,IF(I22=81%,F22*G22*H22*F!$B$81,IF(I22=82%,F22*G22*H22*F!$B$82,IF(I22=83%,F22*G22*H22*F!$B$83,IF(I22=84%,F22*G22*H22*F!$B$84,IF(I22=85%,F22*G22*H22*F!$B$85,IF(I22=86%,F22*G22*H22*F!$B$86,IF(I22=87%,F22*G22*H22*F!$B$87,IF(I22=88%,F22*G22*H22*F!$B$88,IF(I22=89%,F22*G22*H22*F!$B$89,IF(I22=90%,F22*G22*H22*F!$B$90,IF(I22=91%,F22*G22*H22*F!$B$91,IF(I22=92%,F22*G22*H22*F!$B$92,IF(I22=93%,F22*G22*H22*F!$B$93,IF(I22=94%,F22*G22*H22*F!$B$94,IF(I22=95%,F22*G22*H22*F!$B$95,IF(I22=96%,F22*G22*H22*F!$B$96,IF(I22=97%,F22*G22*H22*F!$B$97,IF(I22=98%,F22*G22*H22*F!$B$98,IF(I22=99%,F22*G22*H22*F!$B$99,IF(I22>99%,F22*G22*H22*F!$B$100,))))))))))))))))))))))))))))))))))))))))))))))))))))))))+IF(M22<30%,0,IF(M22<35%,J22*K22*L22*F!$B$33,IF(M22<40%,J22*K22*L22*F!$B$38,IF(M22<45%,J22*K22*L22*F!$B$43,IF(M22<50%,J22*K22*L22*F!$B$48,IF(M22=50%,J22*K22*L22*F!$B$50,IF(M22=51%,J22*K22*L22*F!$B$51,IF(M22=52%,J22*K22*L22*F!$B$52,IF(M22=53%,J22*K22*L22*F!$B$53,IF(M22=54%,J22*K22*L22*F!$B$54,IF(M22=55%,J22*K22*L22*F!$B$55,IF(M22=56%,J22*K22*L22*F!$B$56,IF(M22=57%,J22*K22*L22*F!$B$57,IF(M22=58%,J22*K22*L22*F!$B$58,IF(M22=59%,J22*K22*L22*F!$B$59,IF(M22=60%,J22*K22*L22*F!$B$60,IF(M22=61%,J22*K22*L22*F!$B$61,IF(M22=62%,J22*K22*L22*F!$B$62,IF(M22=63%,J22*K22*L22*F!$B$63,IF(M22=64%,J22*K22*L22*F!$B$64,IF(M22=65%,J22*K22*L22*F!$B$65,IF(M22=66%,J22*K22*L22*F!$B$66,IF(M22=67%,J22*K22*L22*F!$B$67,IF(M22=68%,J22*K22*L22*F!$B$68,IF(M22=69%,J22*K22*L22*F!$B$69,IF(M22=70%,J22*K22*L22*F!$B$70,IF(M22=71%,J22*K22*L22*F!$B$71,IF(M22=72%,J22*K22*L22*F!$B$72,IF(M22=73%,J22*K22*L22*F!$B$73,IF(M22=74%,J22*K22*L22*F!$B$74,IF(M22=75%,J22*K22*L22*F!$B$75,IF(M22=76%,J22*K22*L22*F!$B$76,IF(M22=77%,J22*K22*L22*F!$B$77,IF(M22=78%,J22*K22*L22*F!$B$78,IF(M22=79%,J22*K22*L22*F!$B$79,IF(M22=80%,J22*K22*L22*F!$B$80,IF(M22=81%,J22*K22*L22*F!$B$81,IF(M22=82%,J22*K22*L22*F!$B$82,IF(M22=83%,J22*K22*L22*F!$B$83,IF(M22=84%,J22*K22*L22*F!$B$84,IF(M22=85%,J22*K22*L22*F!$B$85,IF(M22=86%,J22*K22*L22*F!$B$86,IF(M22=87%,J22*K22*L22*F!$B$87,IF(M22=88%,J22*K22*L22*F!$B$88,IF(M22=89%,J22*K22*L22*F!$B$89,IF(M22=90%,J22*K22*L22*F!$B$90,IF(M22=91%,J22*K22*L22*F!$B$91,IF(M22=92%,J22*K22*L22*F!$B$92,IF(M22=93%,J22*K22*L22*F!$B$93,IF(M22=94%,J22*K22*L22*F!$B$94,IF(M22=95%,J22*K22*L22*F!$B$95,IF(M22=96%,J22*K22*L22*F!$B$96,IF(M22=97%,J22*K22*L22*F!$B$97,IF(M22=98%,J22*K22*L22*F!$B$98,IF(M22=99%,J22*K22*L22*F!$B$99,IF(M22>99%,J22*K22*L22*F!$B$100,))))))))))))))))))))))))))))))))))))))))))))))))))))))))+IF(Q22<30%,0,IF(Q22<35%,N22*O22*P22*F!$B$33,IF(Q22<40%,N22*O22*P22*F!$B$38,IF(Q22<45%,N22*O22*P22*F!$B$43,IF(Q22<50%,N22*O22*P22*F!$B$48,IF(Q22=50%,N22*O22*P22*F!$B$50,IF(Q22=51%,N22*O22*P22*F!$B$51,IF(Q22=52%,N22*O22*P22*F!$B$52,IF(Q22=53%,N22*O22*P22*F!$B$53,IF(Q22=54%,N22*O22*P22*F!$B$54,IF(Q22=55%,N22*O22*P22*F!$B$55,IF(Q22=56%,N22*O22*P22*F!$B$56,IF(Q22=57%,N22*O22*P22*F!$B$57,IF(Q22=58%,N22*O22*P22*F!$B$58,IF(Q22=59%,N22*O22*P22*F!$B$59,IF(Q22=60%,N22*O22*P22*F!$B$60,IF(Q22=61%,N22*O22*P22*F!$B$61,IF(Q22=62%,N22*O22*P22*F!$B$62,IF(Q22=63%,N22*O22*P22*F!$B$63,IF(Q22=64%,N22*O22*P22*F!$B$64,IF(Q22=65%,N22*O22*P22*F!$B$65,IF(Q22=66%,N22*O22*P22*F!$B$66,IF(Q22=67%,N22*O22*P22*F!$B$67,IF(Q22=68%,N22*O22*P22*F!$B$68,IF(Q22=69%,N22*O22*P22*F!$B$69,IF(Q22=70%,N22*O22*P22*F!$B$70,IF(Q22=71%,N22*O22*P22*F!$B$71,IF(Q22=72%,N22*O22*P22*F!$B$72,IF(Q22=73%,N22*O22*P22*F!$B$73,IF(Q22=74%,N22*O22*P22*F!$B$74,IF(Q22=75%,N22*O22*P22*F!$B$75,IF(Q22=76%,N22*O22*P22*F!$B$76,IF(Q22=77%,N22*O22*P22*F!$B$77,IF(Q22=78%,N22*O22*P22*F!$B$78,IF(Q22=79%,N22*O22*P22*F!$B$79,IF(Q22=80%,N22*O22*P22*F!$B$80,IF(Q22=81%,N22*O22*P22*F!$B$81,IF(Q22=82%,N22*O22*P22*F!$B$82,IF(Q22=83%,N22*O22*P22*F!$B$83,IF(Q22=84%,N22*O22*P22*F!$B$84,IF(Q22=85%,N22*O22*P22*F!$B$85,IF(Q22=86%,N22*O22*P22*F!$B$86,IF(Q22=87%,N22*O22*P22*F!$B$87,IF(Q22=88%,N22*O22*P22*F!$B$88,IF(Q22=89%,N22*O22*P22*F!$B$89,IF(Q22=90%,N22*O22*P22*F!$B$90,IF(Q22=91%,N22*O22*P22*F!$B$91,IF(Q22=92%,N22*O22*P22*F!$B$92,IF(Q22=93%,N22*O22*P22*F!$B$93,IF(Q22=94%,N22*O22*P22*F!$B$94,IF(Q22=95%,N22*O22*P22*F!$B$95,IF(Q22=96%,N22*O22*P22*F!$B$96,IF(Q22=97%,N22*O22*P22*F!$B$97,IF(Q22=98%,N22*O22*P22*F!$B$98,IF(Q22=99%,N22*O22*P22*F!$B$99,IF(Q22>99%,N22*O22*P22*F!$B$100,))))))))))))))))))))))))))))))))))))))))))))))))))))))))+IF(U22<30%,0,IF(U22<35%,R22*S22*T22*F!$B$33,IF(U22<40%,R22*S22*T22*F!$B$38,IF(U22<45%,R22*S22*T22*F!$B$43,IF(U22<50%,R22*S22*T22*F!$B$48,IF(U22=50%,R22*S22*T22*F!$B$50,IF(U22=51%,R22*S22*T22*F!$B$51,IF(U22=52%,R22*S22*T22*F!$B$52,IF(U22=53%,R22*S22*T22*F!$B$53,IF(U22=54%,R22*S22*T22*F!$B$54,IF(U22=55%,R22*S22*T22*F!$B$55,IF(U22=56%,R22*S22*T22*F!$B$56,IF(U22=57%,R22*S22*T22*F!$B$57,IF(U22=58%,R22*S22*T22*F!$B$58,IF(U22=59%,R22*S22*T22*F!$B$59,IF(U22=60%,R22*S22*T22*F!$B$60,IF(U22=61%,R22*S22*T22*F!$B$61,IF(U22=62%,R22*S22*T22*F!$B$62,IF(U22=63%,R22*S22*T22*F!$B$63,IF(U22=64%,R22*S22*T22*F!$B$64,IF(U22=65%,R22*S22*T22*F!$B$65,IF(U22=66%,R22*S22*T22*F!$B$66,IF(U22=67%,R22*S22*T22*F!$B$67,IF(U22=68%,R22*S22*T22*F!$B$68,IF(U22=69%,R22*S22*T22*F!$B$69,IF(U22=70%,R22*S22*T22*F!$B$70,IF(U22=71%,R22*S22*T22*F!$B$71,IF(U22=72%,R22*S22*T22*F!$B$72,IF(U22=73%,R22*S22*T22*F!$B$73,IF(U22=74%,R22*S22*T22*F!$B$74,IF(U22=75%,R22*S22*T22*F!$B$75,IF(U22=76%,R22*S22*T22*F!$B$76,IF(U22=77%,R22*S22*T22*F!$B$77,IF(U22=78%,R22*S22*T22*F!$B$78,IF(U22=79%,R22*S22*T22*F!$B$79,IF(U22=80%,R22*S22*T22*F!$B$80,IF(U22=81%,R22*S22*T22*F!$B$81,IF(U22=82%,R22*S22*T22*F!$B$82,IF(U22=83%,R22*S22*T22*F!$B$83,IF(U22=84%,R22*S22*T22*F!$B$84,IF(U22=85%,R22*S22*T22*F!$B$85,IF(U22=86%,R22*S22*T22*F!$B$86,IF(U22=87%,R22*S22*T22*F!$B$87,IF(U22=88%,R22*S22*T22*F!$B$88,IF(U22=89%,R22*S22*T22*F!$B$89,IF(U22=90%,R22*S22*T22*F!$B$90,IF(U22=91%,R22*S22*T22*F!$B$91,IF(U22=92%,R22*S22*T22*F!$B$92,IF(U22=93%,R22*S22*T22*F!$B$93,IF(U22=94%,R22*S22*T22*F!$B$94,IF(U22=95%,R22*S22*T22*F!$B$95,IF(U22=96%,R22*S22*T22*F!$B$96,IF(U22=97%,R22*S22*T22*F!$B$97,IF(U22=98%,R22*S22*T22*F!$B$98,IF(U22=99%,R22*S22*T22*F!$B$99,IF(U22>99%,R22*S22*T22*F!$B$100)))))))))))))))))))))))))))))))))))))))))))))))))))))))))*IF(ISNUMBER(E22),E22,1)*IF(ISNUMBER(D22),D22,1) -> #REF! | AA22: =G22*H22+K22*L22+O22*P22+S22*T22 -> 48 | AB22: =(H22*(IF(I22<45%,0.5,IF(I22<55%,0.8,IF(I22<65%,0.9,IF(I22<75%,1,IF(I22<85%,1.1,1.2))))))+L22*(IF(M22<45%,0.5,IF(M22<55%,0.8,IF(M22<65%,0.9,IF(M22<75%,1,IF(M22<85%,1.1,1.2))))))+P22*(IF(Q22<45%,0.5,IF(Q22<55%,0.8,IF(Q22<65%,0.9,IF(Q22<75%,1,IF(Q22<85%,1.1,1.2))))))+T22*(IF(U22<45%,0.5,IF(U22<55%,0.8,IF(U22<65%,0.9,IF(U22<75%,1,IF(U22<85%,1.1,1.2)))))))*IF(D22>=0.8,6,IF(D22<=0.4,1.5,3)) -> 4.35
C23: Скручивания (пресс) | D23: =ROUND(IFERROR((D17*(G17*H17+K17*L17+O17*P17+S17*T17)+D18*(G18*H18+K18*L18+O18*P18+S18*T18)+D19*(G19*H19+K19*L19+O19*P19+S19*T19)+D20*(G20*H20+K20*L20+O20*P20+S20*T20)+D21*(G21*H21+K21*L21+O21*P21+S21*T21)+D22*(G22*H22+K22*L22+O22*P22+S22*T22))/((G17*H17+K17*L17+O17*P17+S17*T17)+(G18*H18+K18*L18+O18*P18+S18*T18)+(G19*H19+K19*L19+O19*P19+S19*T19)+(G20*H20+K20*L20+O20*P20+S20*T20)+(G21*H21+K21*L21+O21*P21+S21*T21)+(G22*H22+K22*L22+O22*P22+S22*T22)),0),2) -> 0.65 | V23: =SUM(V17:V22) -> 5109.6 | W23: =IFERROR(V23/AA23,0) -> 18.379856 | X23: =ROUND(IFERROR(((I17*G17*H17+M17*K17*L17+Q17*O17*P17+U17*S17*T17)+(I18*G18*H18+M18*K18*L18+Q18*O18*P18+U18*S18*T18)+(I19*G19*H19+M19*K19*L19+Q19*O19*P19+U19*S19*T19)+(I20*G20*H20+M20*K20*L20+Q20*O20*P20+U20*S20*T20)+(I21*G21*H21+M21*K21*L21+Q21*O21*P21+U21*S21*T21)+(I22*G22*H22+M22*K22*L22+Q22*O22*P22+U22*S22*T22))/((G17*H17+K17*L17+O17*P17+S17*T17)+(G18*H18+K18*L18+O18*P18+S18*T18)+(G19*H19+K19*L19+O19*P19+S19*T19)+(G20*H20+K20*L20+O20*P20+S20*T20)+(G21*H21+K21*L21+O21*P21+S21*T21)+(G22*H22+K22*L22+O22*P22+S22*T22)),0),3) -> 0.46 | Z23: =SUM(Z17:Z22) -> #REF! | AA23: =SUM(AA17:AA22) -> 278 | AB23: =IF(SUM(AB17:AB22)=0,TIME(,0,),TIME(,SUM(AB17:AB22)+30,)) -> 0.059722222
A24: Чт | I24: =IFERROR(ROUND(F24/$Y24,2),) | M24: =IFERROR(ROUND(J24/$Y24,2),) | Q24: =IFERROR(ROUND(N24/$Y24,2),) | U24: =IFERROR(ROUND(R24/$Y24,2),) | V24: =(IF(ISNUMBER(F24),F24,1)*G24*H24+IF(ISNUMBER(J24),J24,1)*K24*L24+IF(ISNUMBER(N24),N24,1)*O24*P24+IF(ISNUMBER(R24),R24,1)*S24*T24)*IF(ISNUMBER(E24),E24,1) -> 0 | W24: =IFERROR((IF(ISNUMBER(F24),F24,1)*G24*H24+IF(ISNUMBER(J24),J24,1)*K24*L24+IF(ISNUMBER(N24),N24,1)*O24*P24+IF(ISNUMBER(R24),R24,1)*S24*T24)*IF(ISNUMBER(E24),E24,1)/(G24*H24+K24*L24+O24*P24+S24*T24),0) -> 0 | X24: =ROUND(IFERROR((W24/(Y24*IF(ISNUMBER(E24),E24,1))),0),2) -> 0 | Z24: =(IF(I24<30%,0,IF(I24<35%,F24*G24*H24*F!$B$33,IF(I24<40%,F24*G24*H24*F!$B$38,IF(I24<45%,F24*G24*H24*F!$B$43,IF(I24<50%,F24*G24*H24*F!$B$48,IF(I24=50%,F24*G24*H24*F!$B$50,IF(I24=51%,F24*G24*H24*F!$B$51,IF(I24=52%,F24*G24*H24*F!$B$52,IF(I24=53%,F24*G24*H24*F!$B$53,IF(I24=54%,F24*G24*H24*F!$B$54,IF(I24=55%,F24*G24*H24*F!$B$55,IF(I24=56%,F24*G24*H24*F!$B$56,IF(I24=57%,F24*G24*H24*F!$B$57,IF(I24=58%,F24*G24*H24*F!$B$58,IF(I24=59%,F24*G24*H24*F!$B$59,IF(I24=60%,F24*G24*H24*F!$B$60,IF(I24=61%,F24*G24*H24*F!$B$61,IF(I24=62%,F24*G24*H24*F!$B$62,IF(I24=63%,F24*G24*H24*F!$B$63,IF(I24=64%,F24*G24*H24*F!$B$64,IF(I24=65%,F24*G24*H24*F!$B$65,IF(I24=66%,F24*G24*H24*F!$B$66,IF(I24=67%,F24*G24*H24*F!$B$67,IF(I24=68%,F24*G24*H24*F!$B$68,IF(I24=69%,F24*G24*H24*F!$B$69,IF(I24=70%,F24*G24*H24*F!$B$70,IF(I24=71%,F24*G24*H24*F!$B$71,IF(I24=72%,F24*G24*H24*F!$B$72,IF(I24=73%,F24*G24*H24*F!$B$73,IF(I24=74%,F24*G24*H24*F!$B$74,IF(I24=75%,F24*G24*H24*F!$B$75,IF(I24=76%,F24*G24*H24*F!$B$76,IF(I24=77%,F24*G24*H24*F!$B$77,IF(I24=78%,F24*G24*H24*F!$B$78,IF(I24=79%,F24*G24*H24*F!$B$79,IF(I24=80%,F24*G24*H24*F!$B$80,IF(I24=81%,F24*G24*H24*F!$B$81,IF(I24=82%,F24*G24*H24*F!$B$82,IF(I24=83%,F24*G24*H24*F!$B$83,IF(I24=84%,F24*G24*H24*F!$B$84,IF(I24=85%,F24*G24*H24*F!$B$85,IF(I24=86%,F24*G24*H24*F!$B$86,IF(I24=87%,F24*G24*H24*F!$B$87,IF(I24=88%,F24*G24*H24*F!$B$88,IF(I24=89%,F24*G24*H24*F!$B$89,IF(I24=90%,F24*G24*H24*F!$B$90,IF(I24=91%,F24*G24*H24*F!$B$91,IF(I24=92%,F24*G24*H24*F!$B$92,IF(I24=93%,F24*G24*H24*F!$B$93,IF(I24=94%,F24*G24*H24*F!$B$94,IF(I24=95%,F24*G24*H24*F!$B$95,IF(I24=96%,F24*G24*H24*F!$B$96,IF(I24=97%,F24*G24*H24*F!$B$97,IF(I24=98%,F24*G24*H24*F!$B$98,IF(I24=99%,F24*G24*H24*F!$B$99,IF(I24>99%,F24*G24*H24*F!$B$100,))))))))))))))))))))))))))))))))))))))))))))))))))))))))+IF(M24<30%,0,IF(M24<35%,J24*K24*L24*F!$B$33,IF(M24<40%,J24*K24*L24*F!$B$38,IF(M24<45%,J24*K24*L24*F!$B$43,IF(M24<50%,J24*K24*L24*F!$B$48,IF(M24=50%,J24*K24*L24*F!$B$50,IF(M24=51%,J24*K24*L24*F!$B$51,IF(M24=52%,J24*K24*L24*F!$B$52,IF(M24=53%,J24*K24*L24*F!$B$53,IF(M24=54%,J24*K24*L24*F!$B$54,IF(M24=55%,J24*K24*L24*F!$B$55,IF(M24=56%,J24*K24*L24*F!$B$56,IF(M24=57%,J24*K24*L24*F!$B$57,IF(M24=58%,J24*K24*L24*F!$B$58,IF(M24=59%,J24*K24*L24*F!$B$59,IF(M24=60%,J24*K24*L24*F!$B$60,IF(M24=61%,J24*K24*L24*F!$B$61,IF(M24=62%,J24*K24*L24*F!$B$62,IF(M24=63%,J24*K24*L24*F!$B$63,IF(M24=64%,J24*K24*L24*F!$B$64,IF(M24=65%,J24*K24*L24*F!$B$65,IF(M24=66%,J24*K24*L24*F!$B$66,IF(M24=67%,J24*K24*L24*F!$B$67,IF(M24=68%,J24*K24*L24*F!$B$68,IF(M24=69%,J24*K24*L24*F!$B$69,IF(M24=70%,J24*K24*L24*F!$B$70,IF(M24=71%,J24*K24*L24*F!$B$71,IF(M24=72%,J24*K24*L24*F!$B$72,IF(M24=73%,J24*K24*L24*F!$B$73,IF(M24=74%,J24*K24*L24*F!$B$74,IF(M24=75%,J24*K24*L24*F!$B$75,IF(M24=76%,J24*K24*L24*F!$B$76,IF(M24=77%,J24*K24*L24*F!$B$77,IF(M24=78%,J24*K24*L24*F!$B$78,IF(M24=79%,J24*K24*L24*F!$B$79,IF(M24=80%,J24*K24*L24*F!$B$80,IF(M24=81%,J24*K24*L24*F!$B$81,IF(M24=82%,J24*K24*L24*F!$B$82,IF(M24=83%,J24*K24*L24*F!$B$83,IF(M24=84%,J24*K24*L24*F!$B$84,IF(M24=85%,J24*K24*L24*F!$B$85,IF(M24=86%,J24*K24*L24*F!$B$86,IF(M24=87%,J24*K24*L24*F!$B$87,IF(M24=88%,J24*K24*L24*F!$B$88,IF(M24=89%,J24*K24*L24*F!$B$89,IF(M24=90%,J24*K24*L24*F!$B$90,IF(M24=91%,J24*K24*L24*F!$B$91,IF(M24=92%,J24*K24*L24*F!$B$92,IF(M24=93%,J24*K24*L24*F!$B$93,IF(M24=94%,J24*K24*L24*F!$B$94,IF(M24=95%,J24*K24*L24*F!$B$95,IF(M24=96%,J24*K24*L24*F!$B$96,IF(M24=97%,J24*K24*L24*F!$B$97,IF(M24=98%,J24*K24*L24*F!$B$98,IF(M24=99%,J24*K24*L24*F!$B$99,IF(M24>99%,J24*K24*L24*F!$B$100,))))))))))))))))))))))))))))))))))))))))))))))))))))))))+IF(Q24<30%,0,IF(Q24<35%,N24*O24*P24*F!$B$33,IF(Q24<40%,N24*O24*P24*F!$B$38,IF(Q24<45%,N24*O24*P24*F!$B$43,IF(Q24<50%,N24*O24*P24*F!$B$48,IF(Q24=50%,N24*O24*P24*F!$B$50,IF(Q24=51%,N24*O24*P24*F!$B$51,IF(Q24=52%,N24*O24*P24*F!$B$52,IF(Q24=53%,N24*O24*P24*F!$B$53,IF(Q24=54%,N24*O24*P24*F!$B$54,IF(Q24=55%,N24*O24*P24*F!$B$55,IF(Q24=56%,N24*O24*P24*F!$B$56,IF(Q24=57%,N24*O24*P24*F!$B$57,IF(Q24=58%,N24*O24*P24*F!$B$58,IF(Q24=59%,N24*O24*P24*F!$B$59,IF(Q24=60%,N24*O24*P24*F!$B$60,IF(Q24=61%,N24*O24*P24*F!$B$61,IF(Q24=62%,N24*O24*P24*F!$B$62,IF(Q24=63%,N24*O24*P24*F!$B$63,IF(Q24=64%,N24*O24*P24*F!$B$64,IF(Q24=65%,N24*O24*P24*F!$B$65,IF(Q24=66%,N24*O24*P24*F!$B$66,IF(Q24=67%,N24*O24*P24*F!$B$67,IF(Q24=68%,N24*O24*P24*F!$B$68,IF(Q24=69%,N24*O24*P24*F!$B$69,IF(Q24=70%,N24*O24*P24*F!$B$70,IF(Q24=71%,N24*O24*P24*F!$B$71,IF(Q24=72%,N24*O24*P24*F!$B$72,IF(Q24=73%,N24*O24*P24*F!$B$73,IF(Q24=74%,N24*O24*P24*F!$B$74,IF(Q24=75%,N24*O24*P24*F!$B$75,IF(Q24=76%,N24*O24*P24*F!$B$76,IF(Q24=77%,N24*O24*P24*F!$B$77,IF(Q24=78%,N24*O24*P24*F!$B$78,IF(Q24=79%,N24*O24*P24*F!$B$79,IF(Q24=80%,N24*O24*P24*F!$B$80,IF(Q24=81%,N24*O24*P24*F!$B$81,IF(Q24=82%,N24*O24*P24*F!$B$82,IF(Q24=83%,N24*O24*P24*F!$B$83,IF(Q24=84%,N24*O24*P24*F!$B$84,IF(Q24=85%,N24*O24*P24*F!$B$85,IF(Q24=86%,N24*O24*P24*F!$B$86,IF(Q24=87%,N24*O24*P24*F!$B$87,IF(Q24=88%,N24*O24*P24*F!$B$88,IF(Q24=89%,N24*O24*P24*F!$B$89,IF(Q24=90%,N24*O24*P24*F!$B$90,IF(Q24=91%,N24*O24*P24*F!$B$91,IF(Q24=92%,N24*O24*P24*F!$B$92,IF(Q24=93%,N24*O24*P24*F!$B$93,IF(Q24=94%,N24*O24*P24*F!$B$94,IF(Q24=95%,N24*O24*P24*F!$B$95,IF(Q24=96%,N24*O24*P24*F!$B$96,IF(Q24=97%,N24*O24*P24*F!$B$97,IF(Q24=98%,N24*O24*P24*F!$B$98,IF(Q24=99%,N24*O24*P24*F!$B$99,IF(Q24>99%,N24*O24*P24*F!$B$100,))))))))))))))))))))))))))))))))))))))))))))))))))))))))+IF(U24<30%,0,IF(U24<35%,R24*S24*T24*F!$B$33,IF(U24<40%,R24*S24*T24*F!$B$38,IF(U24<45%,R24*S24*T24*F!$B$43,IF(U24<50%,R24*S24*T24*F!$B$48,IF(U24=50%,R24*S24*T24*F!$B$50,IF(U24=51%,R24*S24*T24*F!$B$51,IF(U24=52%,R24*S24*T24*F!$B$52,IF(U24=53%,R24*S24*T24*F!$B$53,IF(U24=54%,R24*S24*T24*F!$B$54,IF(U24=55%,R24*S24*T24*F!$B$55,IF(U24=56%,R24*S24*T24*F!$B$56,IF(U24=57%,R24*S24*T24*F!$B$57,IF(U24=58%,R24*S24*T24*F!$B$58,IF(U24=59%,R24*S24*T24*F!$B$59,IF(U24=60%,R24*S24*T24*F!$B$60,IF(U24=61%,R24*S24*T24*F!$B$61,IF(U24=62%,R24*S24*T24*F!$B$62,IF(U24=63%,R24*S24*T24*F!$B$63,IF(U24=64%,R24*S24*T24*F!$B$64,IF(U24=65%,R24*S24*T24*F!$B$65,IF(U24=66%,R24*S24*T24*F!$B$66,IF(U24=67%,R24*S24*T24*F!$B$67,IF(U24=68%,R24*S24*T24*F!$B$68,IF(U24=69%,R24*S24*T24*F!$B$69,IF(U24=70%,R24*S24*T24*F!$B$70,IF(U24=71%,R24*S24*T24*F!$B$71,IF(U24=72%,R24*S24*T24*F!$B$72,IF(U24=73%,R24*S24*T24*F!$B$73,IF(U24=74%,R24*S24*T24*F!$B$74,IF(U24=75%,R24*S24*T24*F!$B$75,IF(U24=76%,R24*S24*T24*F!$B$76,IF(U24=77%,R24*S24*T24*F!$B$77,IF(U24=78%,R24*S24*T24*F!$B$78,IF(U24=79%,R24*S24*T24*F!$B$79,IF(U24=80%,R24*S24*T24*F!$B$80,IF(U24=81%,R24*S24*T24*F!$B$81,IF(U24=82%,R24*S24*T24*F!$B$82,IF(U24=83%,R24*S24*T24*F!$B$83,IF(U24=84%,R24*S24*T24*F!$B$84,IF(U24=85%,R24*S24*T24*F!$B$85,IF(U24=86%,R24*S24*T24*F!$B$86,IF(U24=87%,R24*S24*T24*F!$B$87,IF(U24=88%,R24*S24*T24*F!$B$88,IF(U24=89%,R24*S24*T24*F!$B$89,IF(U24=90%,R24*S24*T24*F!$B$90,IF(U24=91%,R24*S24*T24*F!$B$91,IF(U24=92%,R24*S24*T24*F!$B$92,IF(U24=93%,R24*S24*T24*F!$B$93,IF(U24=94%,R24*S24*T24*F!$B$94,IF(U24=95%,R24*S24*T24*F!$B$95,IF(U24=96%,R24*S24*T24*F!$B$96,IF(U24=97%,R24*S24*T24*F!$B$97,IF(U24=98%,R24*S24*T24*F!$B$98,IF(U24=99%,R24*S24*T24*F!$B$99,IF(U24>99%,R24*S24*T24*F!$B$100)))))))))))))))))))))))))))))))))))))))))))))))))))))))))*IF(ISNUMBER(E24),E24,1)*IF(ISNUMBER(D24),D24,1) -> 0 | AA24: =G24*H24+K24*L24+O24*P24+S24*T24 -> 0 | AB24: =(H24*(IF(I24<45%,0.5,IF(I24<55%,0.8,IF(I24<65%,0.9,IF(I24<75%,1,IF(I24<85%,1.1,1.2))))))+L24*(IF(M24<45%,0.5,IF(M24<55%,0.8,IF(M24<65%,0.9,IF(M24<75%,1,IF(M24<85%,1.1,1.2))))))+P24*(IF(Q24<45%,0.5,IF(Q24<55%,0.8,IF(Q24<65%,0.9,IF(Q24<75%,1,IF(Q24<85%,1.1,1.2))))))+T24*(IF(U24<45%,0.5,IF(U24<55%,0.8,IF(U24<65%,0.9,IF(U24<75%,1,IF(U24<85%,1.1,1.2)))))))*IF(D24>=0.8,6,IF(D24<=0.4,1.5,3)) -> 0
A25: =A18+1 -> 42336 | I25: =IFERROR(ROUND(F25/$Y25,2),) | M25: =IFERROR(ROUND(J25/$Y25,2),) | Q25: =IFERROR(ROUND(N25/$Y25,2),) | U25: =IFERROR(ROUND(R25/$Y25,2),) | V25: =(IF(ISNUMBER(F25),F25,1)*G25*H25+IF(ISNUMBER(J25),J25,1)*K25*L25+IF(ISNUMBER(N25),N25,1)*O25*P25+IF(ISNUMBER(R25),R25,1)*S25*T25)*IF(ISNUMBER(E25),E25,1) -> 0 | W25: =IFERROR((IF(ISNUMBER(F25),F25,1)*G25*H25+IF(ISNUMBER(J25),J25,1)*K25*L25+IF(ISNUMBER(N25),N25,1)*O25*P25+IF(ISNUMBER(R25),R25,1)*S25*T25)*IF(ISNUMBER(E25),E25,1)/(G25*H25+K25*L25+O25*P25+S25*T25),0) -> 0 | X25: =ROUND(IFERROR((W25/(Y25*IF(ISNUMBER(E25),E25,1))),0),2) -> 0 | Z25: =(IF(I25<30%,0,IF(I25<35%,F25*G25*H25*F!$B$33,IF(I25<40%,F25*G25*H25*F!$B$38,IF(I25<45%,F25*G25*H25*F!$B$43,IF(I25<50%,F25*G25*H25*F!$B$48,IF(I25=50%,F25*G25*H25*F!$B$50,IF(I25=51%,F25*G25*H25*F!$B$51,IF(I25=52%,F25*G25*H25*F!$B$52,IF(I25=53%,F25*G25*H25*F!$B$53,IF(I25=54%,F25*G25*H25*F!$B$54,IF(I25=55%,F25*G25*H25*F!$B$55,IF(I25=56%,F25*G25*H25*F!$B$56,IF(I25=57%,F25*G25*H25*F!$B$57,IF(I25=58%,F25*G25*H25*F!$B$58,IF(I25=59%,F25*G25*H25*F!$B$59,IF(I25=60%,F25*G25*H25*F!$B$60,IF(I25=61%,F25*G25*H25*F!$B$61,IF(I25=62%,F25*G25*H25*F!$B$62,IF(I25=63%,F25*G25*H25*F!$B$63,IF(I25=64%,F25*G25*H25*F!$B$64,IF(I25=65%,F25*G25*H25*F!$B$65,IF(I25=66%,F25*G25*H25*F!$B$66,IF(I25=67%,F25*G25*H25*F!$B$67,IF(I25=68%,F25*G25*H25*F!$B$68,IF(I25=69%,F25*G25*H25*F!$B$69,IF(I25=70%,F25*G25*H25*F!$B$70,IF(I25=71%,F25*G25*H25*F!$B$71,IF(I25=72%,F25*G25*H25*F!$B$72,IF(I25=73%,F25*G25*H25*F!$B$73,IF(I25=74%,F25*G25*H25*F!$B$74,IF(I25=75%,F25*G25*H25*F!$B$75,IF(I25=76%,F25*G25*H25*F!$B$76,IF(I25=77%,F25*G25*H25*F!$B$77,IF(I25=78%,F25*G25*H25*F!$B$78,IF(I25=79%,F25*G25*H25*F!$B$79,IF(I25=80%,F25*G25*H25*F!$B$80,IF(I25=81%,F25*G25*H25*F!$B$81,IF(I25=82%,F25*G25*H25*F!$B$82,IF(I25=83%,F25*G25*H25*F!$B$83,IF(I25=84%,F25*G25*H25*F!$B$84,IF(I25=85%,F25*G25*H25*F!$B$85,IF(I25=86%,F25*G25*H25*F!$B$86,IF(I25=87%,F25*G25*H25*F!$B$87,IF(I25=88%,F25*G25*H25*F!$B$88,IF(I25=89%,F25*G25*H25*F!$B$89,IF(I25=90%,F25*G25*H25*F!$B$90,IF(I25=91%,F25*G25*H25*F!$B$91,IF(I25=92%,F25*G25*H25*F!$B$92,IF(I25=93%,F25*G25*H25*F!$B$93,IF(I25=94%,F25*G25*H25*F!$B$94,IF(I25=95%,F25*G25*H25*F!$B$95,IF(I25=96%,F25*G25*H25*F!$B$96,IF(I25=97%,F25*G25*H25*F!$B$97,IF(I25=98%,F25*G25*H25*F!$B$98,IF(I25=99%,F25*G25*H25*F!$B$99,IF(I25>99%,F25*G25*H25*F!$B$100,))))))))))))))))))))))))))))))))))))))))))))))))))))))))+IF(M25<30%,0,IF(M25<35%,J25*K25*L25*F!$B$33,IF(M25<40%,J25*K25*L25*F!$B$38,IF(M25<45%,J25*K25*L25*F!$B$43,IF(M25<50%,J25*K25*L25*F!$B$48,IF(M25=50%,J25*K25*L25*F!$B$50,IF(M25=51%,J25*K25*L25*F!$B$51,IF(M25=52%,J25*K25*L25*F!$B$52,IF(M25=53%,J25*K25*L25*F!$B$53,IF(M25=54%,J25*K25*L25*F!$B$54,IF(M25=55%,J25*K25*L25*F!$B$55,IF(M25=56%,J25*K25*L25*F!$B$56,IF(M25=57%,J25*K25*L25*F!$B$57,IF(M25=58%,J25*K25*L25*F!$B$58,IF(M25=59%,J25*K25*L25*F!$B$59,IF(M25=60%,J25*K25*L25*F!$B$60,IF(M25=61%,J25*K25*L25*F!$B$61,IF(M25=62%,J25*K25*L25*F!$B$62,IF(M25=63%,J25*K25*L25*F!$B$63,IF(M25=64%,J25*K25*L25*F!$B$64,IF(M25=65%,J25*K25*L25*F!$B$65,IF(M25=66%,J25*K25*L25*F!$B$66,IF(M25=67%,J25*K25*L25*F!$B$67,IF(M25=68%,J25*K25*L25*F!$B$68,IF(M25=69%,J25*K25*L25*F!$B$69,IF(M25=70%,J25*K25*L25*F!$B$70,IF(M25=71%,J25*K25*L25*F!$B$71,IF(M25=72%,J25*K25*L25*F!$B$72,IF(M25=73%,J25*K25*L25*F!$B$73,IF(M25=74%,J25*K25*L25*F!$B$74,IF(M25=75%,J25*K25*L25*F!$B$75,IF(M25=76%,J25*K25*L25*F!$B$76,IF(M25=77%,J25*K25*L25*F!$B$77,IF(M25=78%,J25*K25*L25*F!$B$78,IF(M25=79%,J25*K25*L25*F!$B$79,IF(M25=80%,J25*K25*L25*F!$B$80,IF(M25=81%,J25*K25*L25*F!$B$81,IF(M25=82%,J25*K25*L25*F!$B$82,IF(M25=83%,J25*K25*L25*F!$B$83,IF(M25=84%,J25*K25*L25*F!$B$84,IF(M25=85%,J25*K25*L25*F!$B$85,IF(M25=86%,J25*K25*L25*F!$B$86,IF(M25=87%,J25*K25*L25*F!$B$87,IF(M25=88%,J25*K25*L25*F!$B$88,IF(M25=89%,J25*K25*L25*F!$B$89,IF(M25=90%,J25*K25*L25*F!$B$90,IF(M25=91%,J25*K25*L25*F!$B$91,IF(M25=92%,J25*K25*L25*F!$B$92,IF(M25=93%,J25*K25*L25*F!$B$93,IF(M25=94%,J25*K25*L25*F!$B$94,IF(M25=95%,J25*K25*L25*F!$B$95,IF(M25=96%,J25*K25*L25*F!$B$96,IF(M25=97%,J25*K25*L25*F!$B$97,IF(M25=98%,J25*K25*L25*F!$B$98,IF(M25=99%,J25*K25*L25*F!$B$99,IF(M25>99%,J25*K25*L25*F!$B$100,))))))))))))))))))))))))))))))))))))))))))))))))))))))))+IF(Q25<30%,0,IF(Q25<35%,N25*O25*P25*F!$B$33,IF(Q25<40%,N25*O25*P25*F!$B$38,IF(Q25<45%,N25*O25*P25*F!$B$43,IF(Q25<50%,N25*O25*P25*F!$B$48,IF(Q25=50%,N25*O25*P25*F!$B$50,IF(Q25=51%,N25*O25*P25*F!$B$51,IF(Q25=52%,N25*O25*P25*F!$B$52,IF(Q25=53%,N25*O25*P25*F!$B$53,IF(Q25=54%,N25*O25*P25*F!$B$54,IF(Q25=55%,N25*O25*P25*F!$B$55,IF(Q25=56%,N25*O25*P25*F!$B$56,IF(Q25=57%,N25*O25*P25*F!$B$57,IF(Q25=58%,N25*O25*P25*F!$B$58,IF(Q25=59%,N25*O25*P25*F!$B$59,IF(Q25=60%,N25*O25*P25*F!$B$60,IF(Q25=61%,N25*O25*P25*F!$B$61,IF(Q25=62%,N25*O25*P25*F!$B$62,IF(Q25=63%,N25*O25*P25*F!$B$63,IF(Q25=64%,N25*O25*P25*F!$B$64,IF(Q25=65%,N25*O25*P25*F!$B$65,IF(Q25=66%,N25*O25*P25*F!$B$66,IF(Q25=67%,N25*O25*P25*F!$B$67,IF(Q25=68%,N25*O25*P25*F!$B$68,IF(Q25=69%,N25*O25*P25*F!$B$69,IF(Q25=70%,N25*O25*P25*F!$B$70,IF(Q25=71%,N25*O25*P25*F!$B$71,IF(Q25=72%,N25*O25*P25*F!$B$72,IF(Q25=73%,N25*O25*P25*F!$B$73,IF(Q25=74%,N25*O25*P25*F!$B$74,IF(Q25=75%,N25*O25*P25*F!$B$75,IF(Q25=76%,N25*O25*P25*F!$B$76,IF(Q25=77%,N25*O25*P25*F!$B$77,IF(Q25=78%,N25*O25*P25*F!$B$78,IF(Q25=79%,N25*O25*P25*F!$B$79,IF(Q25=80%,N25*O25*P25*F!$B$80,IF(Q25=81%,N25*O25*P25*F!$B$81,IF(Q25=82%,N25*O25*P25*F!$B$82,IF(Q25=83%,N25*O25*P25*F!$B$83,IF(Q25=84%,N25*O25*P25*F!$B$84,IF(Q25=85%,N25*O25*P25*F!$B$85,IF(Q25=86%,N25*O25*P25*F!$B$86,IF(Q25=87%,N25*O25*P25*F!$B$87,IF(Q25=88%,N25*O25*P25*F!$B$88,IF(Q25=89%,N25*O25*P25*F!$B$89,IF(Q25=90%,N25*O25*P25*F!$B$90,IF(Q25=91%,N25*O25*P25*F!$B$91,IF(Q25=92%,N25*O25*P25*F!$B$92,IF(Q25=93%,N25*O25*P25*F!$B$93,IF(Q25=94%,N25*O25*P25*F!$B$94,IF(Q25=95%,N25*O25*P25*F!$B$95,IF(Q25=96%,N25*O25*P25*F!$B$96,IF(Q25=97%,N25*O25*P25*F!$B$97,IF(Q25=98%,N25*O25*P25*F!$B$98,IF(Q25=99%,N25*O25*P25*F!$B$99,IF(Q25>99%,N25*O25*P25*F!$B$100,))))))))))))))))))))))))))))))))))))))))))))))))))))))))+IF(U25<30%,0,IF(U25<35%,R25*S25*T25*F!$B$33,IF(U25<40%,R25*S25*T25*F!$B$38,IF(U25<45%,R25*S25*T25*F!$B$43,IF(U25<50%,R25*S25*T25*F!$B$48,IF(U25=50%,R25*S25*T25*F!$B$50,IF(U25=51%,R25*S25*T25*F!$B$51,IF(U25=52%,R25*S25*T25*F!$B$52,IF(U25=53%,R25*S25*T25*F!$B$53,IF(U25=54%,R25*S25*T25*F!$B$54,IF(U25=55%,R25*S25*T25*F!$B$55,IF(U25=56%,R25*S25*T25*F!$B$56,IF(U25=57%,R25*S25*T25*F!$B$57,IF(U25=58%,R25*S25*T25*F!$B$58,IF(U25=59%,R25*S25*T25*F!$B$59,IF(U25=60%,R25*S25*T25*F!$B$60,IF(U25=61%,R25*S25*T25*F!$B$61,IF(U25=62%,R25*S25*T25*F!$B$62,IF(U25=63%,R25*S25*T25*F!$B$63,IF(U25=64%,R25*S25*T25*F!$B$64,IF(U25=65%,R25*S25*T25*F!$B$65,IF(U25=66%,R25*S25*T25*F!$B$66,IF(U25=67%,R25*S25*T25*F!$B$67,IF(U25=68%,R25*S25*T25*F!$B$68,IF(U25=69%,R25*S25*T25*F!$B$69,IF(U25=70%,R25*S25*T25*F!$B$70,IF(U25=71%,R25*S25*T25*F!$B$71,IF(U25=72%,R25*S25*T25*F!$B$72,IF(U25=73%,R25*S25*T25*F!$B$73,IF(U25=74%,R25*S25*T25*F!$B$74,IF(U25=75%,R25*S25*T25*F!$B$75,IF(U25=76%,R25*S25*T25*F!$B$76,IF(U25=77%,R25*S25*T25*F!$B$77,IF(U25=78%,R25*S25*T25*F!$B$78,IF(U25=79%,R25*S25*T25*F!$B$79,IF(U25=80%,R25*S25*T25*F!$B$80,IF(U25=81%,R25*S25*T25*F!$B$81,IF(U25=82%,R25*S25*T25*F!$B$82,IF(U25=83%,R25*S25*T25*F!$B$83,IF(U25=84%,R25*S25*T25*F!$B$84,IF(U25=85%,R25*S25*T25*F!$B$85,IF(U25=86%,R25*S25*T25*F!$B$86,IF(U25=87%,R25*S25*T25*F!$B$87,IF(U25=88%,R25*S25*T25*F!$B$88,IF(U25=89%,R25*S25*T25*F!$B$89,IF(U25=90%,R25*S25*T25*F!$B$90,IF(U25=91%,R25*S25*T25*F!$B$91,IF(U25=92%,R25*S25*T25*F!$B$92,IF(U25=93%,R25*S25*T25*F!$B$93,IF(U25=94%,R25*S25*T25*F!$B$94,IF(U25=95%,R25*S25*T25*F!$B$95,IF(U25=96%,R25*S25*T25*F!$B$96,IF(U25=97%,R25*S25*T25*F!$B$97,IF(U25=98%,R25*S25*T25*F!$B$98,IF(U25=99%,R25*S25*T25*F!$B$99,IF(U25>99%,R25*S25*T25*F!$B$100)))))))))))))))))))))))))))))))))))))))))))))))))))))))))*IF(ISNUMBER(E25),E25,1)*IF(ISNUMBER(D25),D25,1) -> 0 | AA25: =G25*H25+K25*L25+O25*P25+S25*T25 -> 0 | AB25: =(H25*(IF(I25<45%,0.5,IF(I25<55%,0.8,IF(I25<65%,0.9,IF(I25<75%,1,IF(I25<85%,1.1,1.2))))))+L25*(IF(M25<45%,0.5,IF(M25<55%,0.8,IF(M25<65%,0.9,IF(M25<75%,1,IF(M25<85%,1.1,1.2))))))+P25*(IF(Q25<45%,0.5,IF(Q25<55%,0.8,IF(Q25<65%,0.9,IF(Q25<75%,1,IF(Q25<85%,1.1,1.2))))))+T25*(IF(U25<45%,0.5,IF(U25<55%,0.8,IF(U25<65%,0.9,IF(U25<75%,1,IF(U25<85%,1.1,1.2)))))))*IF(D25>=0.8,6,IF(D25<=0.4,1.5,3)) -> 0
I26: =IFERROR(ROUND(F26/$Y26,2),) | M26: =IFERROR(ROUND(J26/$Y26,2),) | Q26: =IFERROR(ROUND(N26/$Y26,2),) | U26: =IFERROR(ROUND(R26/$Y26,2),) | V26: =(IF(ISNUMBER(F26),F26,1)*G26*H26+IF(ISNUMBER(J26),J26,1)*K26*L26+IF(ISNUMBER(N26),N26,1)*O26*P26+IF(ISNUMBER(R26),R26,1)*S26*T26)*IF(ISNUMBER(E26),E26,1) -> 0 | W26: =IFERROR((IF(ISNUMBER(F26),F26,1)*G26*H26+IF(ISNUMBER(J26),J26,1)*K26*L26+IF(ISNUMBER(N26),N26,1)*O26*P26+IF(ISNUMBER(R26),R26,1)*S26*T26)*IF(ISNUMBER(E26),E26,1)/(G26*H26+K26*L26+O26*P26+S26*T26),0) -> 0 | X26: =ROUND(IFERROR((W26/(Y26*IF(ISNUMBER(E26),E26,1))),0),2) -> 0 | Z26: =(IF(I26<30%,0,IF(I26<35%,F26*G26*H26*F!$B$33,IF(I26<40%,F26*G26*H26*F!$B$38,IF(I26<45%,F26*G26*H26*F!$B$43,IF(I26<50%,F26*G26*H26*F!$B$48,IF(I26=50%,F26*G26*H26*F!$B$50,IF(I26=51%,F26*G26*H26*F!$B$51,IF(I26=52%,F26*G26*H26*F!$B$52,IF(I26=53%,F26*G26*H26*F!$B$53,IF(I26=54%,F26*G26*H26*F!$B$54,IF(I26=55%,F26*G26*H26*F!$B$55,IF(I26=56%,F26*G26*H26*F!$B$56,IF(I26=57%,F26*G26*H26*F!$B$57,IF(I26=58%,F26*G26*H26*F!$B$58,IF(I26=59%,F26*G26*H26*F!$B$59,IF(I26=60%,F26*G26*H26*F!$B$60,IF(I26=61%,F26*G26*H26*F!$B$61,IF(I26=62%,F26*G26*H26*F!$B$62,IF(I26=63%,F26*G26*H26*F!$B$63,IF(I26=64%,F26*G26*H26*F!$B$64,IF(I26=65%,F26*G26*H26*F!$B$65,IF(I26=66%,F26*G26*H26*F!$B$66,IF(I26=67%,F26*G26*H26*F!$B$67,IF(I26=68%,F26*G26*H26*F!$B$68,IF(I26=69%,F26*G26*H26*F!$B$69,IF(I26=70%,F26*G26*H26*F!$B$70,IF(I26=71%,F26*G26*H26*F!$B$71,IF(I26=72%,F26*G26*H26*F!$B$72,IF(I26=73%,F26*G26*H26*F!$B$73,IF(I26=74%,F26*G26*H26*F!$B$74,IF(I26=75%,F26*G26*H26*F!$B$75,IF(I26=76%,F26*G26*H26*F!$B$76,IF(I26=77%,F26*G26*H26*F!$B$77,IF(I26=78%,F26*G26*H26*F!$B$78,IF(I26=79%,F26*G26*H26*F!$B$79,IF(I26=80%,F26*G26*H26*F!$B$80,IF(I26=81%,F26*G26*H26*F!$B$81,IF(I26=82%,F26*G26*H26*F!$B$82,IF(I26=83%,F26*G26*H26*F!$B$83,IF(I26=84%,F26*G26*H26*F!$B$84,IF(I26=85%,F26*G26*H26*F!$B$85,IF(I26=86%,F26*G26*H26*F!$B$86,IF(I26=87%,F26*G26*H26*F!$B$87,IF(I26=88%,F26*G26*H26*F!$B$88,IF(I26=89%,F26*G26*H26*F!$B$89,IF(I26=90%,F26*G26*H26*F!$B$90,IF(I26=91%,F26*G26*H26*F!$B$91,IF(I26=92%,F26*G26*H26*F!$B$92,IF(I26=93%,F26*G26*H26*F!$B$93,IF(I26=94%,F26*G26*H26*F!$B$94,IF(I26=95%,F26*G26*H26*F!$B$95,IF(I26=96%,F26*G26*H26*F!$B$96,IF(I26=97%,F26*G26*H26*F!$B$97,IF(I26=98%,F26*G26*H26*F!$B$98,IF(I26=99%,F26*G26*H26*F!$B$99,IF(I26>99%,F26*G26*H26*F!$B$100,))))))))))))))))))))))))))))))))))))))))))))))))))))))))+IF(M26<30%,0,IF(M26<35%,J26*K26*L26*F!$B$33,IF(M26<40%,J26*K26*L26*F!$B$38,IF(M26<45%,J26*K26*L26*F!$B$43,IF(M26<50%,J26*K26*L26*F!$B$48,IF(M26=50%,J26*K26*L26*F!$B$50,IF(M26=51%,J26*K26*L26*F!$B$51,IF(M26=52%,J26*K26*L26*F!$B$52,IF(M26=53%,J26*K26*L26*F!$B$53,IF(M26=54%,J26*K26*L26*F!$B$54,IF(M26=55%,J26*K26*L26*F!$B$55,IF(M26=56%,J26*K26*L26*F!$B$56,IF(M26=57%,J26*K26*L26*F!$B$57,IF(M26=58%,J26*K26*L26*F!$B$58,IF(M26=59%,J26*K26*L26*F!$B$59,IF(M26=60%,J26*K26*L26*F!$B$60,IF(M26=61%,J26*K26*L26*F!$B$61,IF(M26=62%,J26*K26*L26*F!$B$62,IF(M26=63%,J26*K26*L26*F!$B$63,IF(M26=64%,J26*K26*L26*F!$B$64,IF(M26=65%,J26*K26*L26*F!$B$65,IF(M26=66%,J26*K26*L26*F!$B$66,IF(M26=67%,J26*K26*L26*F!$B$67,IF(M26=68%,J26*K26*L26*F!$B$68,IF(M26=69%,J26*K26*L26*F!$B$69,IF(M26=70%,J26*K26*L26*F!$B$70,IF(M26=71%,J26*K26*L26*F!$B$71,IF(M26=72%,J26*K26*L26*F!$B$72,IF(M26=73%,J26*K26*L26*F!$B$73,IF(M26=74%,J26*K26*L26*F!$B$74,IF(M26=75%,J26*K26*L26*F!$B$75,IF(M26=76%,J26*K26*L26*F!$B$76,IF(M26=77%,J26*K26*L26*F!$B$77,IF(M26=78%,J26*K26*L26*F!$B$78,IF(M26=79%,J26*K26*L26*F!$B$79,IF(M26=80%,J26*K26*L26*F!$B$80,IF(M26=81%,J26*K26*L26*F!$B$81,IF(M26=82%,J26*K26*L26*F!$B$82,IF(M26=83%,J26*K26*L26*F!$B$83,IF(M26=84%,J26*K26*L26*F!$B$84,IF(M26=85%,J26*K26*L26*F!$B$85,IF(M26=86%,J26*K26*L26*F!$B$86,IF(M26=87%,J26*K26*L26*F!$B$87,IF(M26=88%,J26*K26*L26*F!$B$88,IF(M26=89%,J26*K26*L26*F!$B$89,IF(M26=90%,J26*K26*L26*F!$B$90,IF(M26=91%,J26*K26*L26*F!$B$91,IF(M26=92%,J26*K26*L26*F!$B$92,IF(M26=93%,J26*K26*L26*F!$B$93,IF(M26=94%,J26*K26*L26*F!$B$94,IF(M26=95%,J26*K26*L26*F!$B$95,IF(M26=96%,J26*K26*L26*F!$B$96,IF(M26=97%,J26*K26*L26*F!$B$97,IF(M26=98%,J26*K26*L26*F!$B$98,IF(M26=99%,J26*K26*L26*F!$B$99,IF(M26>99%,J26*K26*L26*F!$B$100,))))))))))))))))))))))))))))))))))))))))))))))))))))))))+IF(Q26<30%,0,IF(Q26<35%,N26*O26*P26*F!$B$33,IF(Q26<40%,N26*O26*P26*F!$B$38,IF(Q26<45%,N26*O26*P26*F!$B$43,IF(Q26<50%,N26*O26*P26*F!$B$48,IF(Q26=50%,N26*O26*P26*F!$B$50,IF(Q26=51%,N26*O26*P26*F!$B$51,IF(Q26=52%,N26*O26*P26*F!$B$52,IF(Q26=53%,N26*O26*P26*F!$B$53,IF(Q26=54%,N26*O26*P26*F!$B$54,IF(Q26=55%,N26*O26*P26*F!$B$55,IF(Q26=56%,N26*O26*P26*F!$B$56,IF(Q26=57%,N26*O26*P26*F!$B$57,IF(Q26=58%,N26*O26*P26*F!$B$58,IF(Q26=59%,N26*O26*P26*F!$B$59,IF(Q26=60%,N26*O26*P26*F!$B$60,IF(Q26=61%,N26*O26*P26*F!$B$61,IF(Q26=62%,N26*O26*P26*F!$B$62,IF(Q26=63%,N26*O26*P26*F!$B$63,IF(Q26=64%,N26*O26*P26*F!$B$64,IF(Q26=65%,N26*O26*P26*F!$B$65,IF(Q26=66%,N26*O26*P26*F!$B$66,IF(Q26=67%,N26*O26*P26*F!$B$67,IF(Q26=68%,N26*O26*P26*F!$B$68,IF(Q26=69%,N26*O26*P26*F!$B$69,IF(Q26=70%,N26*O26*P26*F!$B$70,IF(Q26=71%,N26*O26*P26*F!$B$71,IF(Q26=72%,N26*O26*P26*F!$B$72,IF(Q26=73%,N26*O26*P26*F!$B$73,IF(Q26=74%,N26*O26*P26*F!$B$74,IF(Q26=75%,N26*O26*P26*F!$B$75,IF(Q26=76%,N26*O26*P26*F!$B$76,IF(Q26=77%,N26*O26*P26*F!$B$77,IF(Q26=78%,N26*O26*P26*F!$B$78,IF(Q26=79%,N26*O26*P26*F!$B$79,IF(Q26=80%,N26*O26*P26*F!$B$80,IF(Q26=81%,N26*O26*P26*F!$B$81,IF(Q26=82%,N26*O26*P26*F!$B$82,IF(Q26=83%,N26*O26*P26*F!$B$83,IF(Q26=84%,N26*O26*P26*F!$B$84,IF(Q26=85%,N26*O26*P26*F!$B$85,IF(Q26=86%,N26*O26*P26*F!$B$86,IF(Q26=87%,N26*O26*P26*F!$B$87,IF(Q26=88%,N26*O26*P26*F!$B$88,IF(Q26=89%,N26*O26*P26*F!$B$89,IF(Q26=90%,N26*O26*P26*F!$B$90,IF(Q26=91%,N26*O26*P26*F!$B$91,IF(Q26=92%,N26*O26*P26*F!$B$92,IF(Q26=93%,N26*O26*P26*F!$B$93,IF(Q26=94%,N26*O26*P26*F!$B$94,IF(Q26=95%,N26*O26*P26*F!$B$95,IF(Q26=96%,N26*O26*P26*F!$B$96,IF(Q26=97%,N26*O26*P26*F!$B$97,IF(Q26=98%,N26*O26*P26*F!$B$98,IF(Q26=99%,N26*O26*P26*F!$B$99,IF(Q26>99%,N26*O26*P26*F!$B$100,))))))))))))))))))))))))))))))))))))))))))))))))))))))))+IF(U26<30%,0,IF(U26<35%,R26*S26*T26*F!$B$33,IF(U26<40%,R26*S26*T26*F!$B$38,IF(U26<45%,R26*S26*T26*F!$B$43,IF(U26<50%,R26*S26*T26*F!$B$48,IF(U26=50%,R26*S26*T26*F!$B$50,IF(U26=51%,R26*S26*T26*F!$B$51,IF(U26=52%,R26*S26*T26*F!$B$52,IF(U26=53%,R26*S26*T26*F!$B$53,IF(U26=54%,R26*S26*T26*F!$B$54,IF(U26=55%,R26*S26*T26*F!$B$55,IF(U26=56%,R26*S26*T26*F!$B$56,IF(U26=57%,R26*S26*T26*F!$B$57,IF(U26=58%,R26*S26*T26*F!$B$58,IF(U26=59%,R26*S26*T26*F!$B$59,IF(U26=60%,R26*S26*T26*F!$B$60,IF(U26=61%,R26*S26*T26*F!$B$61,IF(U26=62%,R26*S26*T26*F!$B$62,IF(U26=63%,R26*S26*T26*F!$B$63,IF(U26=64%,R26*S26*T26*F!$B$64,IF(U26=65%,R26*S26*T26*F!$B$65,IF(U26=66%,R26*S26*T26*F!$B$66,IF(U26=67%,R26*S26*T26*F!$B$67,IF(U26=68%,R26*S26*T26*F!$B$68,IF(U26=69%,R26*S26*T26*F!$B$69,IF(U26=70%,R26*S26*T26*F!$B$70,IF(U26=71%,R26*S26*T26*F!$B$71,IF(U26=72%,R26*S26*T26*F!$B$72,IF(U26=73%,R26*S26*T26*F!$B$73,IF(U26=74%,R26*S26*T26*F!$B$74,IF(U26=75%,R26*S26*T26*F!$B$75,IF(U26=76%,R26*S26*T26*F!$B$76,IF(U26=77%,R26*S26*T26*F!$B$77,IF(U26=78%,R26*S26*T26*F!$B$78,IF(U26=79%,R26*S26*T26*F!$B$79,IF(U26=80%,R26*S26*T26*F!$B$80,IF(U26=81%,R26*S26*T26*F!$B$81,IF(U26=82%,R26*S26*T26*F!$B$82,IF(U26=83%,R26*S26*T26*F!$B$83,IF(U26=84%,R26*S26*T26*F!$B$84,IF(U26=85%,R26*S26*T26*F!$B$85,IF(U26=86%,R26*S26*T26*F!$B$86,IF(U26=87%,R26*S26*T26*F!$B$87,IF(U26=88%,R26*S26*T26*F!$B$88,IF(U26=89%,R26*S26*T26*F!$B$89,IF(U26=90%,R26*S26*T26*F!$B$90,IF(U26=91%,R26*S26*T26*F!$B$91,IF(U26=92%,R26*S26*T26*F!$B$92,IF(U26=93%,R26*S26*T26*F!$B$93,IF(U26=94%,R26*S26*T26*F!$B$94,IF(U26=95%,R26*S26*T26*F!$B$95,IF(U26=96%,R26*S26*T26*F!$B$96,IF(U26=97%,R26*S26*T26*F!$B$97,IF(U26=98%,R26*S26*T26*F!$B$98,IF(U26=99%,R26*S26*T26*F!$B$99,IF(U26>99%,R26*S26*T26*F!$B$100)))))))))))))))))))))))))))))))))))))))))))))))))))))))))*IF(ISNUMBER(E26),E26,1)*IF(ISNUMBER(D26),D26,1) -> 0 | AA26: =G26*H26+K26*L26+O26*P26+S26*T26 -> 0 | AB26: =(H26*(IF(I26<45%,0.5,IF(I26<55%,0.8,IF(I26<65%,0.9,IF(I26<75%,1,IF(I26<85%,1.1,1.2))))))+L26*(IF(M26<45%,0.5,IF(M26<55%,0.8,IF(M26<65%,0.9,IF(M26<75%,1,IF(M26<85%,1.1,1.2))))))+P26*(IF(Q26<45%,0.5,IF(Q26<55%,0.8,IF(Q26<65%,0.9,IF(Q26<75%,1,IF(Q26<85%,1.1,1.2))))))+T26*(IF(U26<45%,0.5,IF(U26<55%,0.8,IF(U26<65%,0.9,IF(U26<75%,1,IF(U26<85%,1.1,1.2)))))))*IF(D26>=0.8,6,IF(D26<=0.4,1.5,3)) -> 0
I27: =IFERROR(ROUND(F27/$Y27,2),) | M27: =IFERROR(ROUND(J27/$Y27,2),) | Q27: =IFERROR(ROUND(N27/$Y27,2),) | U27: =IFERROR(ROUND(R27/$Y27,2),) | V27: =(IF(ISNUMBER(F27),F27,1)*G27*H27+IF(ISNUMBER(J27),J27,1)*K27*L27+IF(ISNUMBER(N27),N27,1)*O27*P27+IF(ISNUMBER(R27),R27,1)*S27*T27)*IF(ISNUMBER(E27),E27,1) -> 0 | W27: =IFERROR((IF(ISNUMBER(F27),F27,1)*G27*H27+IF(ISNUMBER(J27),J27,1)*K27*L27+IF(ISNUMBER(N27),N27,1)*O27*P27+IF(ISNUMBER(R27),R27,1)*S27*T27)*IF(ISNUMBER(E27),E27,1)/(G27*H27+K27*L27+O27*P27+S27*T27),0) -> 0 | X27: =ROUND(IFERROR((W27/(Y27*IF(ISNUMBER(E27),E27,1))),0),2) -> 0 | Z27: =(IF(I27<30%,0,IF(I27<35%,F27*G27*H27*F!$B$33,IF(I27<40%,F27*G27*H27*F!$B$38,IF(I27<45%,F27*G27*H27*F!$B$43,IF(I27<50%,F27*G27*H27*F!$B$48,IF(I27=50%,F27*G27*H27*F!$B$50,IF(I27=51%,F27*G27*H27*F!$B$51,IF(I27=52%,F27*G27*H27*F!$B$52,IF(I27=53%,F27*G27*H27*F!$B$53,IF(I27=54%,F27*G27*H27*F!$B$54,IF(I27=55%,F27*G27*H27*F!$B$55,IF(I27=56%,F27*G27*H27*F!$B$56,IF(I27=57%,F27*G27*H27*F!$B$57,IF(I27=58%,F27*G27*H27*F!$B$58,IF(I27=59%,F27*G27*H27*F!$B$59,IF(I27=60%,F27*G27*H27*F!$B$60,IF(I27=61%,F27*G27*H27*F!$B$61,IF(I27=62%,F27*G27*H27*F!$B$62,IF(I27=63%,F27*G27*H27*F!$B$63,IF(I27=64%,F27*G27*H27*F!$B$64,IF(I27=65%,F27*G27*H27*F!$B$65,IF(I27=66%,F27*G27*H27*F!$B$66,IF(I27=67%,F27*G27*H27*F!$B$67,IF(I27=68%,F27*G27*H27*F!$B$68,IF(I27=69%,F27*G27*H27*F!$B$69,IF(I27=70%,F27*G27*H27*F!$B$70,IF(I27=71%,F27*G27*H27*F!$B$71,IF(I27=72%,F27*G27*H27*F!$B$72,IF(I27=73%,F27*G27*H27*F!$B$73,IF(I27=74%,F27*G27*H27*F!$B$74,IF(I27=75%,F27*G27*H27*F!$B$75,IF(I27=76%,F27*G27*H27*F!$B$76,IF(I27=77%,F27*G27*H27*F!$B$77,IF(I27=78%,F27*G27*H27*F!$B$78,IF(I27=79%,F27*G27*H27*F!$B$79,IF(I27=80%,F27*G27*H27*F!$B$80,IF(I27=81%,F27*G27*H27*F!$B$81,IF(I27=82%,F27*G27*H27*F!$B$82,IF(I27=83%,F27*G27*H27*F!$B$83,IF(I27=84%,F27*G27*H27*F!$B$84,IF(I27=85%,F27*G27*H27*F!$B$85,IF(I27=86%,F27*G27*H27*F!$B$86,IF(I27=87%,F27*G27*H27*F!$B$87,IF(I27=88%,F27*G27*H27*F!$B$88,IF(I27=89%,F27*G27*H27*F!$B$89,IF(I27=90%,F27*G27*H27*F!$B$90,IF(I27=91%,F27*G27*H27*F!$B$91,IF(I27=92%,F27*G27*H27*F!$B$92,IF(I27=93%,F27*G27*H27*F!$B$93,IF(I27=94%,F27*G27*H27*F!$B$94,IF(I27=95%,F27*G27*H27*F!$B$95,IF(I27=96%,F27*G27*H27*F!$B$96,IF(I27=97%,F27*G27*H27*F!$B$97,IF(I27=98%,F27*G27*H27*F!$B$98,IF(I27=99%,F27*G27*H27*F!$B$99,IF(I27>99%,F27*G27*H27*F!$B$100,))))))))))))))))))))))))))))))))))))))))))))))))))))))))+IF(M27<30%,0,IF(M27<35%,J27*K27*L27*F!$B$33,IF(M27<40%,J27*K27*L27*F!$B$38,IF(M27<45%,J27*K27*L27*F!$B$43,IF(M27<50%,J27*K27*L27*F!$B$48,IF(M27=50%,J27*K27*L27*F!$B$50,IF(M27=51%,J27*K27*L27*F!$B$51,IF(M27=52%,J27*K27*L27*F!$B$52,IF(M27=53%,J27*K27*L27*F!$B$53,IF(M27=54%,J27*K27*L27*F!$B$54,IF(M27=55%,J27*K27*L27*F!$B$55,IF(M27=56%,J27*K27*L27*F!$B$56,IF(M27=57%,J27*K27*L27*F!$B$57,IF(M27=58%,J27*K27*L27*F!$B$58,IF(M27=59%,J27*K27*L27*F!$B$59,IF(M27=60%,J27*K27*L27*F!$B$60,IF(M27=61%,J27*K27*L27*F!$B$61,IF(M27=62%,J27*K27*L27*F!$B$62,IF(M27=63%,J27*K27*L27*F!$B$63,IF(M27=64%,J27*K27*L27*F!$B$64,IF(M27=65%,J27*K27*L27*F!$B$65,IF(M27=66%,J27*K27*L27*F!$B$66,IF(M27=67%,J27*K27*L27*F!$B$67,IF(M27=68%,J27*K27*L27*F!$B$68,IF(M27=69%,J27*K27*L27*F!$B$69,IF(M27=70%,J27*K27*L27*F!$B$70,IF(M27=71%,J27*K27*L27*F!$B$71,IF(M27=72%,J27*K27*L27*F!$B$72,IF(M27=73%,J27*K27*L27*F!$B$73,IF(M27=74%,J27*K27*L27*F!$B$74,IF(M27=75%,J27*K27*L27*F!$B$75,IF(M27=76%,J27*K27*L27*F!$B$76,IF(M27=77%,J27*K27*L27*F!$B$77,IF(M27=78%,J27*K27*L27*F!$B$78,IF(M27=79%,J27*K27*L27*F!$B$79,IF(M27=80%,J27*K27*L27*F!$B$80,IF(M27=81%,J27*K27*L27*F!$B$81,IF(M27=82%,J27*K27*L27*F!$B$82,IF(M27=83%,J27*K27*L27*F!$B$83,IF(M27=84%,J27*K27*L27*F!$B$84,IF(M27=85%,J27*K27*L27*F!$B$85,IF(M27=86%,J27*K27*L27*F!$B$86,IF(M27=87%,J27*K27*L27*F!$B$87,IF(M27=88%,J27*K27*L27*F!$B$88,IF(M27=89%,J27*K27*L27*F!$B$89,IF(M27=90%,J27*K27*L27*F!$B$90,IF(M27=91%,J27*K27*L27*F!$B$91,IF(M27=92%,J27*K27*L27*F!$B$92,IF(M27=93%,J27*K27*L27*F!$B$93,IF(M27=94%,J27*K27*L27*F!$B$94,IF(M27=95%,J27*K27*L27*F!$B$95,IF(M27=96%,J27*K27*L27*F!$B$96,IF(M27=97%,J27*K27*L27*F!$B$97,IF(M27=98%,J27*K27*L27*F!$B$98,IF(M27=99%,J27*K27*L27*F!$B$99,IF(M27>99%,J27*K27*L27*F!$B$100,))))))))))))))))))))))))))))))))))))))))))))))))))))))))+IF(Q27<30%,0,IF(Q27<35%,N27*O27*P27*F!$B$33,IF(Q27<40%,N27*O27*P27*F!$B$38,IF(Q27<45%,N27*O27*P27*F!$B$43,IF(Q27<50%,N27*O27*P27*F!$B$48,IF(Q27=50%,N27*O27*P27*F!$B$50,IF(Q27=51%,N27*O27*P27*F!$B$51,IF(Q27=52%,N27*O27*P27*F!$B$52,IF(Q27=53%,N27*O27*P27*F!$B$53,IF(Q27=54%,N27*O27*P27*F!$B$54,IF(Q27=55%,N27*O27*P27*F!$B$55,IF(Q27=56%,N27*O27*P27*F!$B$56,IF(Q27=57%,N27*O27*P27*F!$B$57,IF(Q27=58%,N27*O27*P27*F!$B$58,IF(Q27=59%,N27*O27*P27*F!$B$59,IF(Q27=60%,N27*O27*P27*F!$B$60,IF(Q27=61%,N27*O27*P27*F!$B$61,IF(Q27=62%,N27*O27*P27*F!$B$62,IF(Q27=63%,N27*O27*P27*F!$B$63,IF(Q27=64%,N27*O27*P27*F!$B$64,IF(Q27=65%,N27*O27*P27*F!$B$65,IF(Q27=66%,N27*O27*P27*F!$B$66,IF(Q27=67%,N27*O27*P27*F!$B$67,IF(Q27=68%,N27*O27*P27*F!$B$68,IF(Q27=69%,N27*O27*P27*F!$B$69,IF(Q27=70%,N27*O27*P27*F!$B$70,IF(Q27=71%,N27*O27*P27*F!$B$71,IF(Q27=72%,N27*O27*P27*F!$B$72,IF(Q27=73%,N27*O27*P27*F!$B$73,IF(Q27=74%,N27*O27*P27*F!$B$74,IF(Q27=75%,N27*O27*P27*F!$B$75,IF(Q27=76%,N27*O27*P27*F!$B$76,IF(Q27=77%,N27*O27*P27*F!$B$77,IF(Q27=78%,N27*O27*P27*F!$B$78,IF(Q27=79%,N27*O27*P27*F!$B$79,IF(Q27=80%,N27*O27*P27*F!$B$80,IF(Q27=81%,N27*O27*P27*F!$B$81,IF(Q27=82%,N27*O27*P27*F!$B$82,IF(Q27=83%,N27*O27*P27*F!$B$83,IF(Q27=84%,N27*O27*P27*F!$B$84,IF(Q27=85%,N27*O27*P27*F!$B$85,IF(Q27=86%,N27*O27*P27*F!$B$86,IF(Q27=87%,N27*O27*P27*F!$B$87,IF(Q27=88%,N27*O27*P27*F!$B$88,IF(Q27=89%,N27*O27*P27*F!$B$89,IF(Q27=90%,N27*O27*P27*F!$B$90,IF(Q27=91%,N27*O27*P27*F!$B$91,IF(Q27=92%,N27*O27*P27*F!$B$92,IF(Q27=93%,N27*O27*P27*F!$B$93,IF(Q27=94%,N27*O27*P27*F!$B$94,IF(Q27=95%,N27*O27*P27*F!$B$95,IF(Q27=96%,N27*O27*P27*F!$B$96,IF(Q27=97%,N27*O27*P27*F!$B$97,IF(Q27=98%,N27*O27*P27*F!$B$98,IF(Q27=99%,N27*O27*P27*F!$B$99,IF(Q27>99%,N27*O27*P27*F!$B$100,))))))))))))))))))))))))))))))))))))))))))))))))))))))))+IF(U27<30%,0,IF(U27<35%,R27*S27*T27*F!$B$33,IF(U27<40%,R27*S27*T27*F!$B$38,IF(U27<45%,R27*S27*T27*F!$B$43,IF(U27<50%,R27*S27*T27*F!$B$48,IF(U27=50%,R27*S27*T27*F!$B$50,IF(U27=51%,R27*S27*T27*F!$B$51,IF(U27=52%,R27*S27*T27*F!$B$52,IF(U27=53%,R27*S27*T27*F!$B$53,IF(U27=54%,R27*S27*T27*F!$B$54,IF(U27=55%,R27*S27*T27*F!$B$55,IF(U27=56%,R27*S27*T27*F!$B$56,IF(U27=57%,R27*S27*T27*F!$B$57,IF(U27=58%,R27*S27*T27*F!$B$58,IF(U27=59%,R27*S27*T27*F!$B$59,IF(U27=60%,R27*S27*T27*F!$B$60,IF(U27=61%,R27*S27*T27*F!$B$61,IF(U27=62%,R27*S27*T27*F!$B$62,IF(U27=63%,R27*S27*T27*F!$B$63,IF(U27=64%,R27*S27*T27*F!$B$64,IF(U27=65%,R27*S27*T27*F!$B$65,IF(U27=66%,R27*S27*T27*F!$B$66,IF(U27=67%,R27*S27*T27*F!$B$67,IF(U27=68%,R27*S27*T27*F!$B$68,IF(U27=69%,R27*S27*T27*F!$B$69,IF(U27=70%,R27*S27*T27*F!$B$70,IF(U27=71%,R27*S27*T27*F!$B$71,IF(U27=72%,R27*S27*T27*F!$B$72,IF(U27=73%,R27*S27*T27*F!$B$73,IF(U27=74%,R27*S27*T27*F!$B$74,IF(U27=75%,R27*S27*T27*F!$B$75,IF(U27=76%,R27*S27*T27*F!$B$76,IF(U27=77%,R27*S27*T27*F!$B$77,IF(U27=78%,R27*S27*T27*F!$B$78,IF(U27=79%,R27*S27*T27*F!$B$79,IF(U27=80%,R27*S27*T27*F!$B$80,IF(U27=81%,R27*S27*T27*F!$B$81,IF(U27=82%,R27*S27*T27*F!$B$82,IF(U27=83%,R27*S27*T27*F!$B$83,IF(U27=84%,R27*S27*T27*F!$B$84,IF(U27=85%,R27*S27*T27*F!$B$85,IF(U27=86%,R27*S27*T27*F!$B$86,IF(U27=87%,R27*S27*T27*F!$B$87,IF(U27=88%,R27*S27*T27*F!$B$88,IF(U27=89%,R27*S27*T27*F!$B$89,IF(U27=90%,R27*S27*T27*F!$B$90,IF(U27=91%,R27*S27*T27*F!$B$91,IF(U27=92%,R27*S27*T27*F!$B$92,IF(U27=93%,R27*S27*T27*F!$B$93,IF(U27=94%,R27*S27*T27*F!$B$94,IF(U27=95%,R27*S27*T27*F!$B$95,IF(U27=96%,R27*S27*T27*F!$B$96,IF(U27=97%,R27*S27*T27*F!$B$97,IF(U27=98%,R27*S27*T27*F!$B$98,IF(U27=99%,R27*S27*T27*F!$B$99,IF(U27>99%,R27*S27*T27*F!$B$100)))))))))))))))))))))))))))))))))))))))))))))))))))))))))*IF(ISNUMBER(E27),E27,1)*IF(ISNUMBER(D27),D27,1) -> 0 | AA27: =G27*H27+K27*L27+O27*P27+S27*T27 -> 0 | AB27: =(H27*(IF(I27<45%,0.5,IF(I27<55%,0.8,IF(I27<65%,0.9,IF(I27<75%,1,IF(I27<85%,1.1,1.2))))))+L27*(IF(M27<45%,0.5,IF(M27<55%,0.8,IF(M27<65%,0.9,IF(M27<75%,1,IF(M27<85%,1.1,1.2))))))+P27*(IF(Q27<45%,0.5,IF(Q27<55%,0.8,IF(Q27<65%,0.9,IF(Q27<75%,1,IF(Q27<85%,1.1,1.2))))))+T27*(IF(U27<45%,0.5,IF(U27<55%,0.8,IF(U27<65%,0.9,IF(U27<75%,1,IF(U27<85%,1.1,1.2)))))))*IF(D27>=0.8,6,IF(D27<=0.4,1.5,3)) -> 0
I28: =IFERROR(ROUND(F28/$Y28,2),) | M28: =IFERROR(ROUND(J28/$Y28,2),) | Q28: =IFERROR(ROUND(N28/$Y28,2),) | U28: =IFERROR(ROUND(R28/$Y28,2),) | V28: =(IF(ISNUMBER(F28),F28,1)*G28*H28+IF(ISNUMBER(J28),J28,1)*K28*L28+IF(ISNUMBER(N28),N28,1)*O28*P28+IF(ISNUMBER(R28),R28,1)*S28*T28)*IF(ISNUMBER(E28),E28,1) -> 0 | W28: =IFERROR((IF(ISNUMBER(F28),F28,1)*G28*H28+IF(ISNUMBER(J28),J28,1)*K28*L28+IF(ISNUMBER(N28),N28,1)*O28*P28+IF(ISNUMBER(R28),R28,1)*S28*T28)*IF(ISNUMBER(E28),E28,1)/(G28*H28+K28*L28+O28*P28+S28*T28),0) -> 0 | X28: =ROUND(IFERROR((W28/(Y28*IF(ISNUMBER(E28),E28,1))),0),2) -> 0 | Z28: =(IF(I28<30%,0,IF(I28<35%,F28*G28*H28*F!$B$33,IF(I28<40%,F28*G28*H28*F!$B$38,IF(I28<45%,F28*G28*H28*F!$B$43,IF(I28<50%,F28*G28*H28*F!$B$48,IF(I28=50%,F28*G28*H28*F!$B$50,IF(I28=51%,F28*G28*H28*F!$B$51,IF(I28=52%,F28*G28*H28*F!$B$52,IF(I28=53%,F28*G28*H28*F!$B$53,IF(I28=54%,F28*G28*H28*F!$B$54,IF(I28=55%,F28*G28*H28*F!$B$55,IF(I28=56%,F28*G28*H28*F!$B$56,IF(I28=57%,F28*G28*H28*F!$B$57,IF(I28=58%,F28*G28*H28*F!$B$58,IF(I28=59%,F28*G28*H28*F!$B$59,IF(I28=60%,F28*G28*H28*F!$B$60,IF(I28=61%,F28*G28*H28*F!$B$61,IF(I28=62%,F28*G28*H28*F!$B$62,IF(I28=63%,F28*G28*H28*F!$B$63,IF(I28=64%,F28*G28*H28*F!$B$64,IF(I28=65%,F28*G28*H28*F!$B$65,IF(I28=66%,F28*G28*H28*F!$B$66,IF(I28=67%,F28*G28*H28*F!$B$67,IF(I28=68%,F28*G28*H28*F!$B$68,IF(I28=69%,F28*G28*H28*F!$B$69,IF(I28=70%,F28*G28*H28*F!$B$70,IF(I28=71%,F28*G28*H28*F!$B$71,IF(I28=72%,F28*G28*H28*F!$B$72,IF(I28=73%,F28*G28*H28*F!$B$73,IF(I28=74%,F28*G28*H28*F!$B$74,IF(I28=75%,F28*G28*H28*F!$B$75,IF(I28=76%,F28*G28*H28*F!$B$76,IF(I28=77%,F28*G28*H28*F!$B$77,IF(I28=78%,F28*G28*H28*F!$B$78,IF(I28=79%,F28*G28*H28*F!$B$79,IF(I28=80%,F28*G28*H28*F!$B$80,IF(I28=81%,F28*G28*H28*F!$B$81,IF(I28=82%,F28*G28*H28*F!$B$82,IF(I28=83%,F28*G28*H28*F!$B$83,IF(I28=84%,F28*G28*H28*F!$B$84,IF(I28=85%,F28*G28*H28*F!$B$85,IF(I28=86%,F28*G28*H28*F!$B$86,IF(I28=87%,F28*G28*H28*F!$B$87,IF(I28=88%,F28*G28*H28*F!$B$88,IF(I28=89%,F28*G28*H28*F!$B$89,IF(I28=90%,F28*G28*H28*F!$B$90,IF(I28=91%,F28*G28*H28*F!$B$91,IF(I28=92%,F28*G28*H28*F!$B$92,IF(I28=93%,F28*G28*H28*F!$B$93,IF(I28=94%,F28*G28*H28*F!$B$94,IF(I28=95%,F28*G28*H28*F!$B$95,IF(I28=96%,F28*G28*H28*F!$B$96,IF(I28=97%,F28*G28*H28*F!$B$97,IF(I28=98%,F28*G28*H28*F!$B$98,IF(I28=99%,F28*G28*H28*F!$B$99,IF(I28>99%,F28*G28*H28*F!$B$100,))))))))))))))))))))))))))))))))))))))))))))))))))))))))+IF(M28<30%,0,IF(M28<35%,J28*K28*L28*F!$B$33,IF(M28<40%,J28*K28*L28*F!$B$38,IF(M28<45%,J28*K28*L28*F!$B$43,IF(M28<50%,J28*K28*L28*F!$B$48,IF(M28=50%,J28*K28*L28*F!$B$50,IF(M28=51%,J28*K28*L28*F!$B$51,IF(M28=52%,J28*K28*L28*F!$B$52,IF(M28=53%,J28*K28*L28*F!$B$53,IF(M28=54%,J28*K28*L28*F!$B$54,IF(M28=55%,J28*K28*L28*F!$B$55,IF(M28=56%,J28*K28*L28*F!$B$56,IF(M28=57%,J28*K28*L28*F!$B$57,IF(M28=58%,J28*K28*L28*F!$B$58,IF(M28=59%,J28*K28*L28*F!$B$59,IF(M28=60%,J28*K28*L28*F!$B$60,IF(M28=61%,J28*K28*L28*F!$B$61,IF(M28=62%,J28*K28*L28*F!$B$62,IF(M28=63%,J28*K28*L28*F!$B$63,IF(M28=64%,J28*K28*L28*F!$B$64,IF(M28=65%,J28*K28*L28*F!$B$65,IF(M28=66%,J28*K28*L28*F!$B$66,IF(M28=67%,J28*K28*L28*F!$B$67,IF(M28=68%,J28*K28*L28*F!$B$68,IF(M28=69%,J28*K28*L28*F!$B$69,IF(M28=70%,J28*K28*L28*F!$B$70,IF(M28=71%,J28*K28*L28*F!$B$71,IF(M28=72%,J28*K28*L28*F!$B$72,IF(M28=73%,J28*K28*L28*F!$B$73,IF(M28=74%,J28*K28*L28*F!$B$74,IF(M28=75%,J28*K28*L28*F!$B$75,IF(M28=76%,J28*K28*L28*F!$B$76,IF(M28=77%,J28*K28*L28*F!$B$77,IF(M28=78%,J28*K28*L28*F!$B$78,IF(M28=79%,J28*K28*L28*F!$B$79,IF(M28=80%,J28*K28*L28*F!$B$80,IF(M28=81%,J28*K28*L28*F!$B$81,IF(M28=82%,J28*K28*L28*F!$B$82,IF(M28=83%,J28*K28*L28*F!$B$83,IF(M28=84%,J28*K28*L28*F!$B$84,IF(M28=85%,J28*K28*L28*F!$B$85,IF(M28=86%,J28*K28*L28*F!$B$86,IF(M28=87%,J28*K28*L28*F!$B$87,IF(M28=88%,J28*K28*L28*F!$B$88,IF(M28=89%,J28*K28*L28*F!$B$89,IF(M28=90%,J28*K28*L28*F!$B$90,IF(M28=91%,J28*K28*L28*F!$B$91,IF(M28=92%,J28*K28*L28*F!$B$92,IF(M28=93%,J28*K28*L28*F!$B$93,IF(M28=94%,J28*K28*L28*F!$B$94,IF(M28=95%,J28*K28*L28*F!$B$95,IF(M28=96%,J28*K28*L28*F!$B$96,IF(M28=97%,J28*K28*L28*F!$B$97,IF(M28=98%,J28*K28*L28*F!$B$98,IF(M28=99%,J28*K28*L28*F!$B$99,IF(M28>99%,J28*K28*L28*F!$B$100,))))))))))))))))))))))))))))))))))))))))))))))))))))))))+IF(Q28<30%,0,IF(Q28<35%,N28*O28*P28*F!$B$33,IF(Q28<40%,N28*O28*P28*F!$B$38,IF(Q28<45%,N28*O28*P28*F!$B$43,IF(Q28<50%,N28*O28*P28*F!$B$48,IF(Q28=50%,N28*O28*P28*F!$B$50,IF(Q28=51%,N28*O28*P28*F!$B$51,IF(Q28=52%,N28*O28*P28*F!$B$52,IF(Q28=53%,N28*O28*P28*F!$B$53,IF(Q28=54%,N28*O28*P28*F!$B$54,IF(Q28=55%,N28*O28*P28*F!$B$55,IF(Q28=56%,N28*O28*P28*F!$B$56,IF(Q28=57%,N28*O28*P28*F!$B$57,IF(Q28=58%,N28*O28*P28*F!$B$58,IF(Q28=59%,N28*O28*P28*F!$B$59,IF(Q28=60%,N28*O28*P28*F!$B$60,IF(Q28=61%,N28*O28*P28*F!$B$61,IF(Q28=62%,N28*O28*P28*F!$B$62,IF(Q28=63%,N28*O28*P28*F!$B$63,IF(Q28=64%,N28*O28*P28*F!$B$64,IF(Q28=65%,N28*O28*P28*F!$B$65,IF(Q28=66%,N28*O28*P28*F!$B$66,IF(Q28=67%,N28*O28*P28*F!$B$67,IF(Q28=68%,N28*O28*P28*F!$B$68,IF(Q28=69%,N28*O28*P28*F!$B$69,IF(Q28=70%,N28*O28*P28*F!$B$70,IF(Q28=71%,N28*O28*P28*F!$B$71,IF(Q28=72%,N28*O28*P28*F!$B$72,IF(Q28=73%,N28*O28*P28*F!$B$73,IF(Q28=74%,N28*O28*P28*F!$B$74,IF(Q28=75%,N28*O28*P28*F!$B$75,IF(Q28=76%,N28*O28*P28*F!$B$76,IF(Q28=77%,N28*O28*P28*F!$B$77,IF(Q28=78%,N28*O28*P28*F!$B$78,IF(Q28=79%,N28*O28*P28*F!$B$79,IF(Q28=80%,N28*O28*P28*F!$B$80,IF(Q28=81%,N28*O28*P28*F!$B$81,IF(Q28=82%,N28*O28*P28*F!$B$82,IF(Q28=83%,N28*O28*P28*F!$B$83,IF(Q28=84%,N28*O28*P28*F!$B$84,IF(Q28=85%,N28*O28*P28*F!$B$85,IF(Q28=86%,N28*O28*P28*F!$B$86,IF(Q28=87%,N28*O28*P28*F!$B$87,IF(Q28=88%,N28*O28*P28*F!$B$88,IF(Q28=89%,N28*O28*P28*F!$B$89,IF(Q28=90%,N28*O28*P28*F!$B$90,IF(Q28=91%,N28*O28*P28*F!$B$91,IF(Q28=92%,N28*O28*P28*F!$B$92,IF(Q28=93%,N28*O28*P28*F!$B$93,IF(Q28=94%,N28*O28*P28*F!$B$94,IF(Q28=95%,N28*O28*P28*F!$B$95,IF(Q28=96%,N28*O28*P28*F!$B$96,IF(Q28=97%,N28*O28*P28*F!$B$97,IF(Q28=98%,N28*O28*P28*F!$B$98,IF(Q28=99%,N28*O28*P28*F!$B$99,IF(Q28>99%,N28*O28*P28*F!$B$100,))))))))))))))))))))))))))))))))))))))))))))))))))))))))+IF(U28<30%,0,IF(U28<35%,R28*S28*T28*F!$B$33,IF(U28<40%,R28*S28*T28*F!$B$38,IF(U28<45%,R28*S28*T28*F!$B$43,IF(U28<50%,R28*S28*T28*F!$B$48,IF(U28=50%,R28*S28*T28*F!$B$50,IF(U28=51%,R28*S28*T28*F!$B$51,IF(U28=52%,R28*S28*T28*F!$B$52,IF(U28=53%,R28*S28*T28*F!$B$53,IF(U28=54%,R28*S28*T28*F!$B$54,IF(U28=55%,R28*S28*T28*F!$B$55,IF(U28=56%,R28*S28*T28*F!$B$56,IF(U28=57%,R28*S28*T28*F!$B$57,IF(U28=58%,R28*S28*T28*F!$B$58,IF(U28=59%,R28*S28*T28*F!$B$59,IF(U28=60%,R28*S28*T28*F!$B$60,IF(U28=61%,R28*S28*T28*F!$B$61,IF(U28=62%,R28*S28*T28*F!$B$62,IF(U28=63%,R28*S28*T28*F!$B$63,IF(U28=64%,R28*S28*T28*F!$B$64,IF(U28=65%,R28*S28*T28*F!$B$65,IF(U28=66%,R28*S28*T28*F!$B$66,IF(U28=67%,R28*S28*T28*F!$B$67,IF(U28=68%,R28*S28*T28*F!$B$68,IF(U28=69%,R28*S28*T28*F!$B$69,IF(U28=70%,R28*S28*T28*F!$B$70,IF(U28=71%,R28*S28*T28*F!$B$71,IF(U28=72%,R28*S28*T28*F!$B$72,IF(U28=73%,R28*S28*T28*F!$B$73,IF(U28=74%,R28*S28*T28*F!$B$74,IF(U28=75%,R28*S28*T28*F!$B$75,IF(U28=76%,R28*S28*T28*F!$B$76,IF(U28=77%,R28*S28*T28*F!$B$77,IF(U28=78%,R28*S28*T28*F!$B$78,IF(U28=79%,R28*S28*T28*F!$B$79,IF(U28=80%,R28*S28*T28*F!$B$80,IF(U28=81%,R28*S28*T28*F!$B$81,IF(U28=82%,R28*S28*T28*F!$B$82,IF(U28=83%,R28*S28*T28*F!$B$83,IF(U28=84%,R28*S28*T28*F!$B$84,IF(U28=85%,R28*S28*T28*F!$B$85,IF(U28=86%,R28*S28*T28*F!$B$86,IF(U28=87%,R28*S28*T28*F!$B$87,IF(U28=88%,R28*S28*T28*F!$B$88,IF(U28=89%,R28*S28*T28*F!$B$89,IF(U28=90%,R28*S28*T28*F!$B$90,IF(U28=91%,R28*S28*T28*F!$B$91,IF(U28=92%,R28*S28*T28*F!$B$92,IF(U28=93%,R28*S28*T28*F!$B$93,IF(U28=94%,R28*S28*T28*F!$B$94,IF(U28=95%,R28*S28*T28*F!$B$95,IF(U28=96%,R28*S28*T28*F!$B$96,IF(U28=97%,R28*S28*T28*F!$B$97,IF(U28=98%,R28*S28*T28*F!$B$98,IF(U28=99%,R28*S28*T28*F!$B$99,IF(U28>99%,R28*S28*T28*F!$B$100)))))))))))))))))))))))))))))))))))))))))))))))))))))))))*IF(ISNUMBER(E28),E28,1)*IF(ISNUMBER(D28),D28,1) -> 0 | AA28: =G28*H28+K28*L28+O28*P28+S28*T28 -> 0 | AB28: =(H28*(IF(I28<45%,0.5,IF(I28<55%,0.8,IF(I28<65%,0.9,IF(I28<75%,1,IF(I28<85%,1.1,1.2))))))+L28*(IF(M28<45%,0.5,IF(M28<55%,0.8,IF(M28<65%,0.9,IF(M28<75%,1,IF(M28<85%,1.1,1.2))))))+P28*(IF(Q28<45%,0.5,IF(Q28<55%,0.8,IF(Q28<65%,0.9,IF(Q28<75%,1,IF(Q28<85%,1.1,1.2))))))+T28*(IF(U28<45%,0.5,IF(U28<55%,0.8,IF(U28<65%,0.9,IF(U28<75%,1,IF(U28<85%,1.1,1.2)))))))*IF(D28>=0.8,6,IF(D28<=0.4,1.5,3)) -> 0
